fixed acidity,volatile acidity,citric acid,residual sugar,chlorides,free sulfur dioxide,total sulfur dioxide,density,pH,sulphates,alcohol,quality
-0.5,1,-1.4,-0.4,-0.255,-0.5,-0.4,0.556,1.29,-0.59,-0.9,5
-0.3,1.97,-1.4,0.1,0.212,0.9,0.6,0.0265,-0.7,0.12,-0.6,5
-0.3,1.3,-1.19,-0.1,0.085,-0.1,0.2,0.132,-0.33,-0.06,-0.6,5
1.7,-1.38,1.48,-0.4,-0.276,0.1,0.4,0.662,-0.98,-0.47,-0.6,6
-0.5,1,-1.4,-0.4,-0.255,-0.5,-0.4,0.556,1.29,-0.59,-0.9,5
-0.5,0.74,-1.4,-0.5,-0.276,-0.3,-0.2,0.556,1.29,-0.59,-0.9,5
-0.2,0.4,-1.08,-0.6,-0.403,-0.1,0.4,-0.1853,-0.1,-1.18,-0.9,5
-0.6,0.68,-1.4,-0.9,-0.488,-0.1,-0.8,-1.1384,0.51,-1.12,-0.4,7
-0.3,0.29,-1.29,-0.4,-0.318,-0.7,-0.9,0.0265,0.32,-0.53,-0.8,7
-0.5,-0.2,0.46,2.6,-0.361,0.1,1.7,0.556,0.25,0.8,0.1,5
-0.9,0.29,-0.98,-0.5,0.191020824,-0.1,0.6,-0.45,-0.2,-0.71,-1.1,5
-0.5,-0.2,0.46,2.6,-0.361,0.1,1.7,0.556,0.25,0.8,0.1,5
-1.6,0.486,-1.4,-0.6,0.021224536,0,0.4,-1.2972,1.75,-0.83,-0.5,5
-0.3,0.46,0.1,-0.6,0.552,-0.7,-0.5,0.3442,-0.33,5.3,-1.2,5
0.4,0.51,-0.47,0.9,1.86775917,3.5,3,0.9796,-0.98,1.3,-1.1,5
0.4,0.51,-0.42,1,1.74,3.4,3.1,0.9796,-0.91,1.59,-1.1,5
0.1,-1.38,1.48,-0.5,0.085,1.8,1.7,0.0795,-0.1,0.53,0.1,7
-0.1,0.18,0.05,-0.6,5.943,0,0.3,0.0265,-1.3,3.65,-1,5
-0.5,0.35,-0.98,1.3,-0.042,-0.9,-0.5,0.3442,0.45,-0.9,-1.3,4
-0.2,-1.16,1.23,-0.5,5.37,0.1,0.3,0.0795,-1.75,2.48,-1.1,6
0.4,-1.72,1.07,-0.5,-0.233,1.3,0.4,0.0265,0.51,-0.77,-0.9,6
-0.4,-0.77,0.2,-0.1,-0.127347216,0.7,0.7,0.7678,1.36,-0.06,-0.7,5
-0.2,-0.55,-0.31,-0.6,0.382,-0.6,-0.3,-0.0794,-0.91,1.47,-0.8,5
0.1,-0.21,-0.83,-0.1,-0.085,-0.7,0.6,0.0265,-0.91,-0.77,-0.9,5
-0.8,-0.7,-0.67,-0.1,-0.064,0.5,-0.2,0.0265,0.77,-0.18,-0.7,6
-1.2,-0.77,-0.57,-0.8,-0.17,-0.5,-0.7,-0.6618,0.19,-0.59,-1,5
-0.4,-0.66,-0.16,-0.5,-0.17,-1.1,-1.1,-0.2912,-0.2,-0.41,-0.8,5
-0.2,-0.55,-0.31,-0.6,0.382,-0.6,-0.3,-0.0794,-0.91,1.47,-0.8,5
-0.7,1.02,-1.4,-0.4,-0.17,-0.2,-0.3,0.2383,1.03,-0.65,-0.9,5
-0.3,0.654,-1.4,-0.4,-0.127347216,-0.7,-0.9,-0.1853,0.45,-0.41,-0.6,6
-0.9,0.821,-1.03,-0.1,0.021224536,0.1,1.1,-0.503,0.25,-0.71,-0.3,5
-0.8,0.877,-1.4,0,0.361,0.6,-0.3,-0.0794,0.97,-0.53,0.2,6
0,0.709,-0.78,-0.1,-0.106,-0.1,2,-0.0794,-0.91,0,-0.6,5
-0.8,0.43,-0.78,5.8,-0.318,2.3,1.1,1.3503,0.9,-0.83,-0.9,6
-1.8,-1.16,-0.11,-0.5,0.31836804,-0.3,0.1,-0.5559,0.45,-0.65,-1.1,5
-0.3,0.654,-1.4,2.1,-0.042,-1,-0.9,0.9796,0.6,-0.65,-0.8,6
-0.3,0.4,-0.67,-0.1,-0.042,-1.2,-1,0.3972,0.71,-0.4,0.4,6
-0.1,-0.83,0.05,-0.3,-0.467,-0.3,-0.5,0.0265,-0.52,0.41,-0.7,7
-1.5,3.36,-0.93,-0.7,1.783,-0.8,-0.8,-1.456094855,1.2,-1.06,-0.6,4
-0.6,-0.43,0.46,2.4,-0.297143504,-0.4,1.2,0.556,0.13,1,0.1,5
-0.6,-0.43,0.46,2.4,-0.297143504,-0.4,1.2,0.556,0.13,1,0.1,5
0.3,0.46,0.1,0.2,0,0.1,0,0.4501,-0.33,-0.88,-1,4
-0.5,-0.21,-0.4,0.1,5.179,-0.7,-1,0.0265,-0.65,1.4,0.1,6
-0.1,0.74,-0.26,-0.2,-0.403,-0.7,-0.7,0.0265,-0.1,3.2,-0.1,5
-0.9,0.79,-1.29,-0.5,-0.81,-1,-1.1,-0.2912,1.1,-0.83,-0.8,5
-2.2,-0.04,-0.62,-0.3,-0.721634225,-0.7,0.6,-1.7738,3.8,-0.59,2.5,4
-0.4,2.272,0.82,-0.2,0.552,0.6,2,0.132,-0.39,0.41,-1.1,5
0.2,-1.33,1.28,-0.6,0.531,-0.4,-0.3,0.0795,-0.39,-0.47,-0.8,5
-1.1,-0.7,-0.21,-0.6,-0.467,-1,-1,-0.503,0.19,-0.59,-1.1,5
-1.6,-1.22,0.51,-0.8,-0.297143504,-0.4,1.5,-0.7148,0.06,-0.47,-1.1,5
0.3,0.74,-0.06,-0.6,-0.297143504,-1.1,-0.7,0.1854,-1.04,0.47,-1.1,5
-1,-0.04,-1.19,-0.2,-0.403,-0.7,-1,-0.6089,0.6,-0.18,-0.9,6
-1,-0.2,-1.19,-0.3,-0.424,-0.9,-1,-0.6618,0.51,-0.12,-0.9,6
0.2,-0.83,0.46,0.4,-0.149,1.4,2.2,0.132,-0.7,-0.59,-0.9,5
-0.4,-0.1,-0.62,0.2,0.47,1.6,0.8,-0.6618,-0.91,-0.18,-0.2,6
-0.4,0.51,-1.19,0.9,-0.085,0.9,0,0.556,0.19,-0.77,-0.8,5
1.1,-0.6,1.53,0.6,-0.38,-1.1,-1.1,0.1854,-1.75,-0.18,-0.8,5
-0.5,0.57,-0.78,1.8,0.488,3.3,1.9,0.8208,-0.33,0.65,-0.9,5
-0.3,0.35,-0.47,-0.1,-0.255,0.1,0.2,0.3972,0.77,-0.41,-0.4,5
-0.6,-0.77,0.2,-0.1,-0.297143504,-0.7,0,-0.2912,0.64,-0.71,-0.9,6
0.3,-0.7,0.7,-0.2,-0.191,0.3,0.2,0.662,0.84,-0.12,-1.1,5
-0.4,0.9,1.12,-0.5,0.573,0.4,2,0.0265,-0.65,0.29,-1,5
-0.5,-0.04,-0.57,-0.4,-0.064,-0.4,-0.3,0.0265,0.45,-0.24,-0.8,7
-0.8,1.156,-1.13,-0.4,-0.149,-0.3,0.2,-0.0794,0.51,-0.53,-0.6,5
-0.6,1.1,-1.13,1.52,-0.042,-1.1,-1.1,-0.2912,0.64,-1.59,0.5,5
-0.6,1.1,-1.13,1.52,-0.042,-1.1,-1.1,-0.2912,0.64,-1.59,0.5,5
-0.5,-0.04,-0.83,-0.7,-0.191,-0.5,-0.2,0.0265,0.71,-0.47,-0.8,5
-1,0.989,-1.03,-0.6,-0.255,-0.9,-1,-0.2912,0.84,-0.47,0.3,5
0.6,-1.16,1.53,-0.4,-0.297143504,1.1,0.6,0.0795,-0.2,0.77,0.3,5
-0.2,0.989,-1.13,-0.4,-0.297143504,-0.7,-0.8,-0.2912,0.19,1.71,0.1,6
-0.4,0.57,-0.98,-0.4,-0.255,-0.1,-0.6,-0.0264,0.06,-0.71,-0.8,6
-0.4,0.79,-0.21,-0.3,0,0.1,1.5,-0.2912,0.06,-1.06,-0.8,5
-0.4,0.9,-0.26,-0.4,-0.085,0.2,1.4,-0.3441,0,-1.06,-0.8,5
0,0.821,-0.06,-0.3,-0.085,-0.5,-0.1,0.4501,0,-0.77,-1.1,4
0.8,-1.16,1.38,0,0.127,1.2,1.1,0.8737,-0.2,0.94,-0.8,5
0.3,-0.66,1.89,-0.2,0.10612268,-0.7,-0.1,0.9796,1.49,0,0.1,5
0.3,-0.66,1.89,-0.2,0.10612268,-0.7,-0.1,0.9796,1.49,0,0.1,5
-0.9,1.435,-1.4,-0.1,0.339592576,-0.2,-0.5,-0.0794,1.36,-0.65,0.3,6
-0.9,1.24,-0.78,-0.4,-0.042,-0.4,1,-0.503,0.45,-0.83,-0.3,5
0,0.542,-0.4,-0.7,-0.17,1.1,2.2,0.2383,-0.98,2.71,-1.2,4
-1.2,-0.43,-0.4,-0.6,-0.403,-1.2,-1,-0.503,0.64,-0.59,-1.1,5
-0.3,-0.55,2.2,-0.4,7.980425543,0.6,0.6,0.3442,-1.17,3.65,-0.9,5
-0.5,-0.2,1.02,-0.4,-0.042,0.5,0.8,0.132,0.32,-0.53,-1.2,5
-0.6,0.79,-0.06,-0.5,6.643,0,0.1,0.0795,-0.98,2.83,-0.9,5
-1.2,-1.3,1.07,-0.5,-0.403,0.2,0.4,-0.45,0.84,0.71,-0.1,6
-0.8,0.12,-0.62,-0.2,-0.255,0.3,-0.2,-0.3441,0.64,-0.41,-0.3,5
0.2,-0.21,0.05,-0.4,0.47,0.4,2.7,0.2383,-2.47,7.6,-0.5,6
-0.4,-0.21,-0.06,-0.4,-0.552,-0.7,-0.5,-0.0794,0.51,-0.12,-0.8,5
0.6,-0.77,0.87,-0.3,0.403,1.7,2.4,0.556,-1.11,3.3,-0.8,5
-0.8,0.51,-0.98,-0.5,-0.255,-0.7,-0.7,0.556,1.1,-0.77,-1.3,5
-0.2,-0.04,-0.06,-0.4,-0.191,2.5,2.8,-0.1853,-0.52,-0.71,-0.8,5
0.2,-0.21,0.05,-0.4,0.47,0.4,2.7,0.2383,-2.47,7.6,-0.5,6
0.2,-0.21,0.1,-0.4,0.47,0.3,2.6,0.2383,-2.47,7.78,-0.6,5
-0.4,-0.21,-0.06,-0.4,-0.552,-0.7,-0.5,-0.0794,0.51,-0.12,-0.8,5
-1.9,2.75,-1.19,-0.8,-0.913,2.4,1.2,-1.562,2.85,-1.06,0.1,4
-2.1,0.4,-0.52,-0.1,-0.636736081,0.1,1.8,-1.8797,3.49,-0.4,2.3,6
-0.9,1.379,-1.4,0.4,0.297,-0.7,-0.7,-0.1323,0.9,-0.59,0.3,5
-0.8,-0.2,-0.11,-0.4,-0.38,-1.2,-0.7,-0.2382,-0.39,-0.18,-1.1,5
-0.4,2.1,-1.08,0,-0.191,-1,-1.1,-0.0264,0.51,-0.59,-0.6,5
-0.1,0.096,-0.47,-0.4,-0.17,-0.3,-0.3,0.2383,-0.1,-0.41,-1.3,6
0,0.46,0.1,-0.3,-0.085,-0.5,0.1,0.2383,0.6,-0.29,-0.2,6
-0.3,-0.2,0.1,-0.4,-0.276,-0.7,-0.7,-0.45,0,-0.59,0,6
-0.1,0.096,-0.47,-0.4,-0.17,-0.3,-0.3,0.2383,-0.1,-0.41,-1.3,6
-0.1,0.263,-0.26,-0.3,-0.233,-0.4,0.6,-0.0264,-0.13,-0.88,-1.1,5
-0.6,-0.21,-0.16,-0.2,-0.38,-1,-0.3,-0.397,0.13,-1.06,-0.9,5
-0.1,0.263,-0.26,-0.3,-0.233,-0.4,0.6,-0.0264,-0.13,-0.88,-1.1,5
-0.3,-0.66,2.1,-0.6,8.044,0.2,0.7,0.2913,-1.49,3.83,-1,5
-1.2,0.57,0.2,-0.6,0,-0.1,0.5,0.0795,0.97,0.77,-1,5
-0.2,-1.1,1.33,0,0.064,0.2,1,0.4501,0.38,0.8,-0.8,6
-0.1,1.435,1.28,-0.4,0.722,2,3.2,0.0795,-0.65,0.18,-1,5
-0.3,0.18,-0.42,-0.5,0.339592576,-0.4,0,-0.1853,-0.78,1.59,-0.8,5
0.1,0.51,-0.93,-0.2,-0.085,-0.5,1.9,-0.1853,-1.04,0,-0.6,5
0.1,0.4,-0.9,-0.2,-0.064,-0.2,2,-0.1853,-1.04,0,-0.6,5
1.1,-1.22,0.87,-0.1,-0.17,0.6,0,1.0855,0.06,0.06,-0.7,6
-0.3,0.18,-0.42,-0.5,0.339592576,-0.4,0,-0.1853,-0.78,1.59,-0.8,5
0.6,-0.7,0.2,-0.2,0.04,-0.3,0.5,-0.0794,-1.56,-0.18,0.1,6
0,0.07,0.05,-0.4,-0.233,-0.5,-0.2,0.556,0.51,-0.29,-0.4,6
-0.3,0.18,-0.78,-0.4,-0.127347216,-0.8,-0.6,0.132,0.38,-0.9,-0.9,6
0.3,0.12,-1.19,-0.2,0.657960617,-0.2,0.3,-0.2912,-0.65,-0.4,0.5,6
-0.8,0.9,-0.98,-0.5,0.191020824,0.6,1.3,-0.45,0.19,-0.71,-1.1,6
-0.6,3.03,-0.93,-0.6,1.910208242,-0.6,1.3,-0.2912,-0.1,-0.53,-1.3,5
0.3,0.12,-1.19,-0.2,0.657960617,-0.2,0.3,-0.2912,-0.65,-0.4,0.5,6
-0.6,0.933,-1.4,0,-0.276,-1.2,-1,0.662,1.16,-0.83,-1.1,5
-0.2,1.02,-1.4,0.1,-0.17,-0.5,-0.4,0.4501,0.84,-0.77,-0.8,5
-0.3,-0.2,-0.52,-0.6,-0.127347216,0.5,1.7,-0.397,0.51,-1.06,-0.8,5
0.4,0.51,-1.19,-0.4,1.231,1.1,1.3,0.8737,-0.98,0.2,-0.9,5
-0.1,4.48,-1.4,-0.6,-0.149,-1.2,-1,-0.1853,1.42,-1,0.5,5
-0.1,4.48,-1.4,-0.5,-0.127347216,-1.2,-1,-0.1853,1.49,-1.06,0.5,5
-0.2,0.35,-0.57,-0.5,-0.488,-1.2,-0.9,-0.2912,0.71,1.53,0.1,7
-1.3,-0.83,-0.62,-0.5,-0.339592576,-0.9,-0.8,-0.6618,0.71,-0.53,-0.9,5
-0.2,1.212,1.48,-0.4,0.636736081,1.4,2.7,0.0265,-0.46,0,-0.9,5
-1.6,-0.2,-0.93,-0.1,-0.828,0.1,1.6,-1.6149,2.07,-0.18,2.4,5
-1.6,-0.2,-0.93,-0.1,-0.828,0.1,1.6,-1.6149,2.07,-0.18,2.4,5
-1,-0.2,-1.34,-0.7,-0.59,0.1,-0.6,-0.8207,0.6,-0.47,-0.6,6
-0.2,2.86,-1.13,-0.2,-0.085,-0.3,-0.5,-0.45,-0.59,-0.65,-0.5,6
0.1,1.212,-0.83,-0.4,0.04,0,0.5,-0.1323,-0.78,0.94,-0.8,5
0,1.044,-0.62,-0.5,0.021224536,-0.6,0.2,0.0265,-0.52,0.65,-0.8,5
-0.6,-0.63,0.46,-0.4,-0.149,-0.3,0,0.2383,1.1,-0.12,-1.1,5
-0.3,0.18,-0.42,-0.3,-0.149,-0.1,1.8,-0.2912,0.13,-0.71,-0.8,5
-0.3,0.18,-0.42,-0.4,-0.149,0.1,1.9,-0.2912,0.06,-0.71,-0.8,5
0.1,1.212,-0.83,-0.4,0.04,0,0.5,-0.1323,-0.78,0.94,-0.8,5
0,1.044,-0.62,-0.5,0.021224536,-0.6,0.2,0.0265,-0.52,0.65,-0.8,5
-1.8,-1.05,-1.4,-0.5,-0.81,1.1,0.5,-2.7269,2.39,0.77,3.4,6
-1.2,-0.77,-0.98,-0.6,-0.467,-1.2,-0.8,-0.7148,0.19,-0.47,-0.9,5
-1.8,-1.05,-1.4,-0.5,-0.81,1.1,0.5,-2.7269,2.39,0.77,3.4,6
-0.1,0.79,1.43,-0.5,0.615511545,1.6,2.9,0.0265,-0.91,-0.24,-0.9,5
-1.5,0.85,-1.29,-0.5,-0.021,0.5,1.4,-1.2443,1.49,-0.83,-0.4,5
-0.4,-0.21,-0.06,-0.6,3.141231331,-0.6,1.3,0.0265,-1.3,0.8,-1,5
-0.8,-0.21,-0.9,-0.1,-0.297143504,-0.4,-0.5,-0.45,0.71,-0.47,-0.2,6
-0.1,-0.7,0.87,0.2,0.021224536,-0.5,-0.1,0.3972,1.42,-0.29,0.1,6
-0.6,-1.1,1.02,-0.3,-0.233,-1,-1.1,-0.503,0.13,-0.77,-0.1,6
0.5,-0.04,3.7,0.6,11.08,1.6,0.7,1.5091,-3.7,7.9,-0.9,4
-0.5,0.4,-1.24,-0.5,0.149,0.9,1.6,-0.927,0.25,-0.71,-0.3,5
-0.5,0.4,-1.24,-0.5,0.149,0.9,1.6,-0.927,0.25,-0.71,-0.3,5
-0.7,-0.55,0.76,2.1,-0.38,1.3,2.5,0.2913,0.71,0.35,0.1,5
-0.7,-0.55,0.76,2.1,-0.361,1.2,2.5,0.2913,0.71,0.29,0.1,5
-0.7,-0.55,0.76,2.1,-0.38,1.3,2.5,0.2913,0.71,0.35,0.1,5
-0.7,-0.55,0.76,2.1,-0.361,1.2,2.5,0.2913,0.71,0.29,0.1,5
-0.7,0.85,-1.4,-0.2,-0.318,-0.4,-0.7,0.0795,1.1,-0.9,-1,5
-0.9,0.4,-0.47,-0.4,-0.191,0.2,1.2,0.0265,1.81,-0.53,-1,6
-0.4,2.36,-1.24,-0.4,0.04,-0.8,-0.8,-0.45,-0.7,-0.59,-0.8,5
-0.4,0.85,-1.29,-0.9,-0.339592576,-0.7,-0.8,-0.1323,-0.91,2.48,-1.1,4
-0.3,0.01,-1.19,-0.6,-0.255,0.1,-0.5,-0.1853,0.13,-0.59,-0.4,6
-0.5,0.4,-0.06,3.4,-0.38,1.9,2.3,0.7678,0.38,-1,-0.9,5
-0.6,0.35,-0.06,3.3,-0.38,1.8,2.3,0.7149,0.38,-1,-0.9,5
-0.3,0.57,1.07,-0.6,0.3,-0.2,1.5,-0.3441,-0.78,-0.24,-0.8,5
-0.9,0.63,-0.9,-0.3,-0.064,0.2,1.7,-0.6089,0.19,-0.83,-0.2,5
-0.6,0.12,-1.24,-0.6,-0.339592576,0.1,-0.1,-0.6089,0.38,-1.06,-1.3,4
-0.9,0.57,-1.03,-0.3,0.021224536,-0.5,-0.1,-0.7677,1.03,-0.65,0,6
-0.5,0.989,-0.16,-0.5,5.77,-0.1,0.5,-0.1853,-2,5.48,-0.8,5
-0.2,1.993,-1.24,-0.5,-0.636736081,-1.1,-1.2,0.2383,0.32,-1.94,-1.2,4
-0.2,-0.6,-0.52,-0.4,-0.318,-0.9,-0.9,0.2383,-0.13,-0.29,-1.1,6
-0.2,-0.6,-0.52,-0.4,-0.318,-0.9,-0.9,0.2383,-0.13,-0.29,-1.1,6
-0.5,0.51,-1.13,-0.4,-0.424,0.8,-0.1,-0.3441,0.71,-0.53,1,6
-0.6,-0.83,-0.31,-0.4,-0.17,-0.8,-0.3,-0.3441,0.13,-1.12,-0.8,5
-0.8,-0.2,-1.19,-0.7,-0.064,0.3,0.1,-0.503,0.25,0.71,-0.8,5
-0.6,-0.83,-0.31,-0.4,-0.17,-0.8,-0.3,-0.3441,0.13,-1.12,-0.8,5
-0.5,-0.04,0.76,-0.1,-0.021,-0.7,-0.3,0.2383,1.75,-0.29,0.1,6
-0.8,1.547,-1.4,0,-0.424,-0.8,-0.8,0.0795,1.1,-0.59,-0.8,5
0.3,0.46,-0.67,-0.1,-0.446,-0.6,-0.1,0.0795,-0.78,-0.41,-0.8,5
0.3,0.46,-0.67,-0.1,-0.446,-0.6,-0.1,0.0795,-0.78,-0.41,-0.8,5
0.4,0.46,1.12,-0.4,3.86,0.7,1.9,0.2383,-1.24,2.12,-1,5
-0.6,1.13,-1.29,0,-0.255,0,-0.1,0.2383,0.84,-0.83,-1,5
-0.9,0.46,-0.4,-0.5,-0.233,-0.5,0.6,0.1854,1.49,-0.47,-1,5
-0.9,0.51,-0.31,-0.4,-0.191,-0.7,0.5,0.132,1.36,-0.47,-1,6
0.4,-1.22,1.53,-0.4,0.488,1,1.2,0.1854,-0.33,-0.77,-0.7,5
-0.5,-0.77,1.07,-0.4,-0.127347216,-0.2,0.6,0.2383,0.19,-0.65,-1.1,5
-0.4,0.989,-0.9,0.1,-0.085,-0.7,-0.6,0.4501,0.51,-1,-0.7,5
-0.2,-0.2,0.3,-0.4,-0.085,-0.1,2.9,0.0265,-0.7,-0.65,-0.8,5
-0.2,-0.21,0.25,-0.4,-0.127347216,0.1,3,0.0265,-0.7,-0.65,-0.8,5
-0.1,-0.2,0.4,0.3,-0.233,0.5,2.4,0.4501,-0.52,-0.24,-0.9,5
-1.1,-0.88,-0.11,-0.4,-0.297143504,0.5,0.1,0.3442,1.68,-0.24,-0.6,6
-0.9,0.57,-0.78,0.9,0.233,0,2.4,0.0795,-0.2,-0.29,-0.8,5
-0.4,0.12,-0.31,-0.2,-0.361,-0.8,-0.6,-0.1853,-0.2,-0.65,-0.7,5
-0.4,0.12,-0.31,-0.2,-0.361,-0.8,-0.6,-0.1853,-0.2,-0.65,-0.7,5
-0.3,0.35,0.3,-0.4,-0.297143504,0.8,2.2,0.0265,-0.39,-0.71,-0.9,5
-0.6,0.29,0.1,-0.1,-0.297143504,-0.1,0.3,0.0265,0.97,-0.41,-0.2,5
1.9,-1.3,1.7,-0.4,-0.446,-0.4,-0.6,0.7149,-1.3,1.83,-0.3,6
-1.7,1.714,-0.98,-0.9,-0.891,-0.3,1.4,-2.3033,1.68,1.12,2.4,7
-0.8,3.14,-1.08,-0.3,-0.573,-0.4,-0.5,-1.0325,1.29,-1.36,0.9,4
0.8,-1.16,1.02,-0.8,-0.679185153,-0.7,-0.7,0.10594,-0.59,0.94,-0.1,7
0.3,-0.88,1.07,-0.3,0.191020824,2.2,3,0.3972,-1.75,2.18,-1,5
-0.9,-0.2,-0.83,-0.7,-0.276,0,0.1,-0.68831,0.32,0.77,-0.8,5
-0.8,-0.6,0.4,-0.6,0,0,-0.2,-0.3441,0.19,-0.65,-1.1,5
-0.8,-0.55,0.46,-0.6,0.021224536,-0.2,-0.3,-0.31766,0.19,-0.59,-1.1,6
2.6,-1.3,2.41,0.1,0.149,-0.7,-0.6,1.4032,-0.7,0.65,0.4,7
2.6,-1.3,2.41,0.1,0.149,-0.7,-0.6,1.4032,-0.7,0.65,0.4,7
-0.3,0.24,0.2,-0.5,-0.403,1,2.2,-0.26471,-0.13,-0.77,-1,5
-0.3,-0.49,0.05,0.1,0.3,0.2,1.5,-0.0794,-0.59,0.06,-0.9,5
1.6,-1.3,1.58,-0.3,-0.721634225,-0.8,-0.8,0.662,0,1.3,0.1,7
0.8,0.01,1.7,-0.4,-1.04,-1,-0.8,-0.47651,-0.1,1.18,1.9,6
-0.2,1.1,-0.16,0.2,-0.106,-0.6,0.5,0.05299,0.25,-0.59,-0.4,6
1.9,-0.49,1.89,-0.3,-0.615511545,-1,-1,0.662,-0.65,0.06,-0.2,6
-0.1,0.24,-0.06,-0.2,-0.59,1.2,0.6,-0.45,-0.1,-1.36,-0.3,5
-0.3,1.156,-0.98,-0.1,0.085,-0.6,-0.2,0.3442,-0.46,0.29,-0.6,6
-0.8,-0.21,1.12,2.2,-0.59,1,2.3,0.3442,0.19,0.59,0.1,5
0.2,0.542,-0.57,-0.4,0.275918968,-0.3,0.1,-0.2912,-1.11,-0.53,0.6,5
-0.1,1.1,-0.26,-0.2,-0.339592576,-0.5,-0.2,-0.0264,0.32,-0.65,-1.2,5
-0.5,-0.21,-0.42,-0.4,-0.255,-0.6,-0.1,-0.5559,0.51,-0.71,-0.7,5
-0.3,0.01,0.3,-0.1,-0.17,0.8,3,-0.10586,-0.1,-0.4,-0.8,5
-0.3,-1.05,0.51,-0.4,-0.127347216,0.8,0.3,-0.1853,0.19,-0.41,-0.9,6
-0.5,0.01,-0.06,-0.4,0.275918968,0,0.8,-0.5559,-1.04,-0.53,-0.9,5
-0.9,0.46,-1.19,-0.7,-0.658,-1,-1.1,-0.79421,0.71,-0.4,-0.8,5
0.2,0.654,-0.11,-0.4,-0.106,-0.7,-0.6,0.74135,-0.2,-0.4,-0.4,6
0.1,0.598,0.46,-0.4,0.021224536,-0.1,0.3,0.3707,0,-0.53,0,4
-0.4,-0.55,-0.11,0.1,-0.318,1.3,0.5,-0.31766,0.38,-0.47,0.1,6
0.4,0.35,1.2,-0.4,5.285,1.1,1,-0.1853,-1.75,5.6,-0.8,6
0.4,1.63,-0.67,0.1,0.021224536,-0.7,-0.7,0.8737,0.51,-0.18,-0.6,5
-0.4,-0.55,-0.11,0.1,-0.318,1.3,0.5,-0.31766,0.38,-0.47,0.1,6
-0.8,-0.04,-0.11,0.1,-0.149,-0.6,-0.3,0.05299,0.97,-0.9,0.6,5
-1.8,-0.27,-1.19,-0.6,-0.721634225,0.3,1.8,-2.1445,1.49,-0.24,1.7,7
-0.2,-0.83,-1.08,-0.5,-0.212,-0.4,0.1,-0.26471,0.38,-0.83,-0.5,6
0.1,-0.88,-0.4,0.2,0.04,0.2,0.3,0.662,0.19,0.2,-0.8,6
-0.8,-0.04,-0.11,0.1,-0.149,-0.6,-0.3,0.05299,0.97,-0.9,0.6,5
-0.1,2.6,-0.93,-0.1,-0.488,-0.8,-0.3,0.05299,0.06,-0.65,-1.3,6
-0.6,0.57,-1.4,-0.4,0.191020824,-0.2,-0.3,0.00004,0.38,-0.47,-1.3,6
-0.6,0.57,-1.4,-0.4,0.191020824,-0.2,-0.3,0.00004,0.38,-0.47,-1.3,6
-0.6,0.654,-1.4,-0.4,0.191020824,-0.1,-0.2,0.00004,0.38,-0.47,-1.1,6
-0.6,0.57,-1.4,-0.4,0.191020824,-0.2,-0.3,0.00004,0.38,-0.47,-1.3,6
-0.1,2.6,-0.93,-0.1,-0.488,-0.8,-0.3,0.05299,0.06,-0.65,-1.3,6
0.4,0.598,0.51,-0.6,3.714,-1,0.5,0.1854,-2,2.53,-1,5
2.2,-0.83,1.48,-0.3,0.10612268,-0.9,-0.7,1.3238,-1.11,0.29,0.5,6
-0.4,0.29,-0.9,-0.5,0.297,1.2,1.9,-0.58241,-1.49,-1,-0.6,6
3.9,-1.77,0.87,-0.2,-0.276,-0.6,-0.7,1.74741,-1.56,1.06,-1.1,7
3.9,-1.77,0.87,-0.2,-0.276,-0.6,-0.7,1.74741,-1.56,1.06,-1.1,7
-0.6,0.74,-1.4,-0.4,-0.085,-0.9,-0.7,0.8208,1.94,1.77,-0.5,6
-0.7,0.85,-1.03,-0.4,-0.276,0,0.1,0.05299,0.45,-0.83,-0.8,5
-0.1,0.4,-0.52,-0.1,-0.339592576,-0.5,0.8,-0.2382,-0.7,-1.24,-1,5
-0.4,0.01,-1.08,-0.6,-0.297143504,-0.7,-0.2,-0.31766,0.25,-1.06,-0.6,6
-0.6,0.74,-1.4,-0.4,-0.085,-0.9,-0.7,0.8208,1.94,1.77,-0.5,6
1.5,-1.16,0.87,-0.6,-0.531,0,-0.3,0.9267,-0.59,0.71,-0.4,6
-0.7,0.4,-1.4,-0.5,-0.297143504,0,-0.4,0.2383,1.03,0.2,-0.5,6
1.6,-0.99,1.07,0.4,0.04,-1,-0.8,0.9796,-0.91,-0.77,0.1,5
-0.4,1.379,0.76,-0.4,0.085,-0.7,1.2,-0.45,-0.52,-0.41,-0.8,5
-0.7,0.4,-1.4,-0.5,-0.297143504,0,-0.4,0.2383,1.03,0.2,-0.5,6
-0.2,0.24,-0.21,0.5,-0.318,0.1,2.2,0.00004,-0.33,-0.53,-1,5
0.6,-1.05,0.51,-0.2,-0.276,-1,-1,0.662,-0.59,-0.24,-1.1,5
-1,0.933,-1.4,-0.3,-0.276,-0.4,0.3,0.0265,1.16,0.06,-1.1,5
-0.4,-0.66,2.51,-0.5,11.1,-0.7,0,0.0265,-1.62,3.54,-0.9,5
1,-1.22,1.02,0.1,-0.064,-0.2,-0.4,1.53561,0.32,0.8,0.1,7
-0.2,-1.1,-0.21,-0.6,-0.233,0.2,0,-0.26471,-0.13,-0.06,-1,5
-0.8,2.495,-1.19,-0.4,-0.021,-0.4,0.6,-0.58241,0.25,-0.4,-0.9,4
-0.2,-0.04,-1.24,-0.6,-0.38,-0.6,-0.3,-0.52946,0.19,-0.53,-0.4,5
-0.2,-0.88,-0.21,-0.5,-0.233,0.7,0.1,-0.2382,-0.2,0.06,-1,5
2.5,0.18,1.12,-0.1,-0.509,-1,-0.6,1.668,-1.49,1.24,0.5,5
2.1,-1.5,1.28,-0.5,-0.361,-0.9,-1.1,0.0265,-0.7,0.35,-0.2,7
-0.1,1.91,-1.4,0.6,0.17,1,0.4,1.85331,1.9,0.35,-0.6,4
-0.2,-0.99,0.97,0.8,-0.212,-0.1,-0.3,0.2913,0.25,1.18,2.3,8
-0.8,0.07,-1.19,0.4,-0.233,-0.8,-0.6,1.0326,2.46,1.47,-0.9,6
1.9,-1.94,1.23,1.1,0.339592576,-1.1,-0.7,1.5091,-0.2,1.83,-0.3,6
-0.2,0.096,-1.08,1.1,-0.021,1.1,0.4,-0.1323,0.32,0.06,0.3,6
1.9,-1.94,1.23,1.1,0.339592576,-1.1,-0.7,1.5091,-0.2,1.83,-0.3,6
1.5,-0.88,1.58,1.1,-0.361,0.1,0.6,1.37676,-0.59,0.71,-0.3,5
0.1,1.044,-0.4,-0.1,-0.255,-0.6,-0.3,0.31775,0,-0.12,-0.9,5
-0.5,0.68,-0.47,3.2,0,1.1,1.4,1.27085,0.45,0.65,-0.9,5
-0.2,0.096,-1.08,1.1,-0.021,1.1,0.4,-0.1323,0.32,0.06,0.3,6
-0.8,0.07,-1.19,0.4,-0.233,-0.8,-0.6,1.0326,2.46,1.47,-0.9,6
1.9,-1.94,1.23,1.1,0.339592576,-1.1,-0.7,1.5091,-0.2,1.83,-0.3,6
1.2,-1.16,0.92,2.8,-0.318,-1,-1,0.4501,-0.52,0.94,2.1,8
0.4,-0.7,0.25,2.2,-0.021,-0.6,0,1.2444,0.45,0.65,0.1,7
1.8,-1.5,0.87,0.8,-0.361,-0.9,-0.8,0.9796,-1.24,0.94,-1,6
-0.4,-1.44,2.1,0.7,5.731,-1,-1.1,0.2383,-0.39,2.48,-0.5,7
-0.4,-0.04,-0.78,0.4,-0.446,-0.4,0.2,0.1854,0.32,-0.53,-1.2,5
0.4,-0.7,0.25,2.2,-0.021,-0.6,0,1.2444,0.45,0.65,0.1,7
0.9,0.35,-1.03,0.6,0.297,1.6,0.7,1.80036,0,0.29,-0.6,5
0.9,0.35,-1.03,0.6,0.297,1.6,0.7,1.80036,0,0.29,-0.6,5
2.2,-0.43,1.43,-0.4,-0.318,0.9,0.1,1.5621,-1.4,0.59,-0.1,6
-0.5,-0.7,-0.78,0.4,0.085,1.3,0.2,-0.0264,0.38,0.2,-0.1,6
0.2,-0.04,-0.93,0,0.064,0.4,0.1,0.4501,0.19,1.18,0.2,7
1.9,-0.6,1.33,0.6,0.361,1.6,1.6,2.25,-0.7,1.71,-1.1,5
0.2,-0.04,-0.93,0,0.064,0.4,0.1,0.4501,0.19,1.18,0.2,7
1.6,-1.8,1.07,-0.4,5.412256685,-0.9,-0.9,0.609,-0.1,0.29,0.1,5
1.2,0.12,-0.21,0.1,0.064,0.2,0,1.4032,-0.59,-0.12,-0.1,6
-0.8,-0.94,-0.11,-0.1,0.212,-1,-0.9,-0.1853,0.64,-0.4,-0.3,6
2.9,-1.05,1.28,0.5,0.127,0.1,0.2,2.4622,-1.69,0.88,-0.8,6
1.5,-0.2,0.97,0,-0.318,-1,-0.6,1.7739,-1.69,-0.12,-0.8,5
1.4,1.69,0.51,0.1,-0.042,1,0.7,0.7149,-0.98,-0.83,-0.5,5
-0.7,0.57,-1.08,-0.4,-0.106,-0.7,-0.5,0.95315,2.33,0.41,-0.8,5
-0.6,0.68,-1.29,-0.1,0.127,-1,-0.5,1.3503,2.33,0.8,-0.7,5
-0.8,0.79,-1.08,-0.3,-0.17,-0.7,-0.4,0.9002,2.39,0.29,-0.8,5
-0.5,0.01,-1.08,0.1,-0.042,0.4,-0.1,-0.1323,0.45,-0.41,0.3,6
1.6,-1.94,1.07,-0.7,-0.424,-0.8,-1,0.2913,-0.59,-0.12,-0.3,6
0,0.989,-0.78,0.1,0.085,-0.4,-0.6,1.4032,1.29,0.35,-0.4,5
-0.5,0.79,-0.78,-0.6,2.08000453,-1,-0.8,-0.397,0.51,-0.71,-0.8,5
0.1,0.68,1.7,-0.3,0.509388864,-0.4,1.3,0.2913,-0.7,-0.83,-1.1,5
1.2,0.01,1.07,0,-0.531,-0.9,-0.7,1.615,-1.24,-0.41,-1,6
-0.4,0.51,0.25,-0.2,-0.127347216,-0.8,0.2,-0.0794,0.32,-0.83,-0.9,5
1.2,-0.66,0.76,-0.1,2.653,-0.9,-1,1.4032,-0.78,-0.24,-0.8,6
1.2,-0.55,0.87,-0.1,2.674,-1,-1,1.4032,-0.78,-0.18,-0.8,6
-0.5,-1.33,0.56,-0.6,-0.552,-0.7,-0.5,0.0265,0.64,-0.77,-0.8,6
1.2,0.01,1.07,0,-0.531,-0.9,-0.7,1.615,-1.24,-0.41,-1,6
-0.2,0.01,-0.16,-0.4,-0.339592576,-0.1,1.8,-0.397,-0.26,-0.71,-0.9,6
0.4,-0.38,0.2,0.2,0.10612268,0.3,1.6,0.74135,0.06,-0.18,-0.8,6
0.2,-0.32,0.1,0.4,-0.255,1.4,2.7,0.4501,-0.1,-0.77,-0.9,5
-0.5,-0.94,0.1,0.1,-0.021,1,0.8,-0.15881,0.51,0.12,0.6,5
-0.7,-0.99,0.1,0,0.17,0.4,0.2,-0.2912,0.71,-0.06,0.6,6
0.8,0.18,-0.21,0.6,0.297,2,1.4,1.5091,-0.1,-0.06,-0.3,5
0.8,1.35,-0.78,0.3,-0.127347216,1.4,0.8,1.0061,-0.1,-0.12,0,6
0.9,0.74,0.61,0.5,-0.106,0.5,0.4,1.1385,0.38,0.29,1,7
0.8,1.35,-0.78,0.3,-0.127347216,1.4,0.8,1.0061,-0.1,-0.12,0,6
0.9,0.74,0.61,0.5,-0.106,0.5,0.4,1.1385,0.38,0.29,1,7
0.6,0.46,-0.06,0.6,0.04,0.9,1.2,1.58856,-0.46,-0.24,-0.7,5
-0.3,0.51,-1.13,-0.1,-0.191,-0.9,-0.9,0.31775,-0.13,-0.18,-1,5
1.2,0.35,0.76,0.2,0.04,1.8,0.8,1.191428803,-0.2,0.2,-0.8,6
1,-0.21,-0.4,6,-0.361,-0.3,0.1,2.5152,-0.98,0.18,-1.1,6
1,-0.21,-0.4,6,-0.361,-0.3,0.1,2.5152,-0.98,0.18,-1.1,6
1.9,0.01,2,0.81,0.7,-0.9,-1,0.556,-1.69,0.47,1,7
1.2,-0.49,1.2,1.4,0.403,-1,-1,0.662,-0.2,1,1,5
3,-1.44,1.79,0.1,-0.127347216,-0.9,-0.8,1.8268,-0.98,0.06,-0.7,6
1.4,-0.38,0.61,-0.4,-0.573,-0.8,-1,0.7149,-0.85,-0.24,-0.8,5
1.1,-0.94,1.89,0.3,0.722,-0.6,-0.2,0.662,-0.52,0,2,6
1.1,-0.94,1.89,0.3,0.722,-0.6,-0.2,0.662,-0.52,0,2,6
-0.2,0.29,0.05,0.5,-0.467,0.5,2,0.2913,-0.59,-0.71,-0.9,6
0.1,0.18,-0.98,-0.3,0.361,0,-0.1,-0.503,-1.17,-0.83,0.6,5
-0.2,0.68,-1.34,0,-0.212,0.1,-0.3,-0.2382,0.19,0.47,1.2,7
2.1,0.933,1.33,0.6,0.849,-0.8,-0.8,1.2973,-0.91,1.06,1.7,7
0.4,-0.55,0.92,-0.4,-0.764083297,-0.9,-0.9,-1.0325,0.25,0.2,2,6
-0.3,-0.55,0.25,0.2,-0.17,1.3,0.3,0.3442,0,-0.12,-0.1,5
2.4,-0.21,1.58,0.4,0.31836804,1.2,1.6,2.1445,-0.98,2,1,6
2.5,-1.38,1.38,-0.1,-0.127347216,-0.4,-0.5,1.5621,-1.3,4.13,-0.6,7
2.3,-1.05,1.2,-0.1,-0.467,-0.6,-0.8,1.7,-1.24,3.06,-1.1,6
1.4,-0.6,1.07,0.1,-0.488,-1,-0.9,0.2383,-0.65,1.24,0.8,6
1.5,-0.77,1.02,-0.5,0.636736081,-0.9,-1,0.7678,-0.1,0.53,-0.6,6
1.5,-0.77,1.02,-0.5,0.636736081,-0.9,-1,0.7678,-0.1,0.53,-0.6,6
2.1,0.24,1.2,0.1,-0.127347216,-0.9,-0.4,2.0386,-1.24,0.71,0.3,6
-0.8,0.877,-1.4,-0.4,-0.446,2.3,0.5,0.609,1.9,0.88,-0.5,5
-1,1.602,-1.29,0.1,-0.339592576,0.1,-0.4,-0.6618,1.75,1.36,1.8,7
3.2,-0.21,2.05,0.4,0.10612268,-0.9,-1,0.9796,-1.88,1.59,1.5,6
0.8,0.18,0.2,0.2,0.021224536,-0.1,0,0.609,-1.3,1.53,-0.4,6
0.5,1.435,-1.4,0.1,0.10612268,-0.5,-0.6,1.4032,0.32,1.18,-0.9,6
1.4,0.79,-0.26,0.1,0.403,0.1,-0.4,1.9327,-0.2,1.89,-0.5,6
0.5,1.491,-1.4,0.1,0.17,-0.5,-0.6,1.4032,0.25,1,-0.9,6
-0.4,0.765,-1.4,-0.1,0.04,-0.7,-0.8,0.3442,-0.26,0.41,-1,5
3.1,0.01,2.66,1.6,0.68,0.7,0.9,2.674,-0.85,0.65,2.4,5
-1.3,-1.77,0.7,-0.8,-0.467,2.4,3.6,-2.9387,-0.39,-0.41,1.4,6
-0.9,1.24,-1.34,-0.1,-0.212,0.1,-0.4,-0.6618,1.55,-0.29,2.3,6
1.9,-0.66,1.28,0.4,-0.17,1.3,0.3,1.7739,-0.33,1.3,0.6,5
1.3,-0.6,2,0.32,0.594287009,-0.4,-0.5,0.132,-0.46,0.53,1.2,7
2.1,-0.55,2,0.4,0.446,-0.6,-0.7,1.7,-1.04,1.12,0,7
2.5,-0.83,2,0.1,0,-0.6,-0.2,2.25,-0.91,0.12,-0.6,6
-0.1,1,-0.21,-0.4,0.233,-0.2,1,0.2913,-0.78,0.2,-0.9,5
0.2,-0.43,0.2,0.1,-0.042,0.5,0.1,0.7678,0.38,1.47,-0.5,6
2.1,0.29,2,0,-0.339592576,-0.9,-0.3,1.2973,-1.69,-0.59,-0.4,5
2.5,-0.38,1.84,-0.4,-0.361,-0.9,-1,1.0855,-2.08,1.24,-0.2,5
2.6,0.486,2,2.3,-0.106,-0.8,-0.1,2.8858,-1.56,0.41,-0.4,7
1,-0.6,1.2,0.6,0.403,-0.8,-0.8,0.609,-0.33,1.59,1.3,6
2.6,0.486,2,2.3,-0.106,-0.8,-0.1,2.8858,-1.56,0.41,-0.4,7
1.2,0.263,1.74,0.1,-0.255,-0.5,-0.7,1.7,-0.98,0.18,-1.3,5
1.2,-1.05,1.28,0.2,1.507,-0.1,0.9,1.615,-0.85,-0.12,-0.9,5
0.6,-1.44,1.33,-0.1,-0.297143504,-0.9,-0.9,-0.2912,-0.7,2.77,1.5,7
-0.8,1.323,-1.29,-0.1,-0.531,1.8,0.5,0.3972,1.68,0.71,-0.5,5
-0.2,-1.61,0.7,-0.6,-0.679185153,-0.5,-0.7,-0.0264,0.06,1.24,-1.6,6
0.5,-1.38,1.07,-0.5,-0.446,1,0,-0.0264,0.06,2.24,0.2,6
-0.5,0.12,-0.26,-0.2,0.382,-0.4,0.8,-0.45,-1.69,-0.18,-1.1,5
3.4,-0.66,1.84,0.9,0.021224536,-0.9,0,2.4622,-1.95,0.88,0.4,6
1.9,0.07,2.25,1.3,0.764,-0.9,-1,0.8737,-1.95,1,1.3,7
1.9,-0.43,1.2,0.4,-0.212,0.3,0,1.8798,-0.33,2.65,0.6,6
0.6,-1.44,1.33,-0.1,-0.297143504,-0.9,-0.9,-0.2912,-0.7,2.77,1.5,7
1.8,0.542,2,2.6,0,-0.9,-0.7,1.0855,-1.3,1.94,2.7,6
0,-0.6,0.56,0,0.127,0.8,0.4,0.609,0,0.2,0.4,6
0,-1.5,0.76,-0.4,-0.17,-0.5,-0.6,0.3442,-0.65,0.8,-0.9,6
3.2,-0.63,2.1,0.3,-0.064,0.1,-0.1,2.4622,-1.62,0.8,-0.4,6
0,-1.5,0.76,-0.4,-0.17,-0.5,-0.6,0.3442,-0.65,0.8,-0.9,6
0,-1.5,0.76,-0.4,-0.17,-0.5,-0.6,0.3442,-0.65,0.8,-0.9,6
-0.4,-0.1,0.05,-0.3,-0.021,0.7,0.2,0.662,0.71,0.47,-1.1,5
-0.5,0.57,-1.03,-0.1,0.04,-0.5,-0.3,0.609,0.77,0.59,-0.7,6
-0.3,0.07,-0.06,-0.4,0,0.7,0,0.7149,0.64,0.47,-1.1,6
0,0.74,-0.62,-0.4,-0.191,0.1,-0.1,0.2383,0,-0.71,-0.8,6
-0.3,-0.38,-0.06,-0.4,0,0.7,0.2,0.7149,0.77,0.47,-1.1,6
0.8,-0.83,0.2,0,0.17,0,0.1,0.7678,-0.78,0.2,-0.4,7
-1.6,1.8,-1.13,-0.8,-0.913,-0.4,1.3,-2.3033,1.62,0.94,2.3,8
3.2,-0.63,2.1,0.3,-0.064,0.1,-0.1,2.4622,-1.62,0.8,-0.4,6
0.7,-0.88,1.28,-0.4,-0.127347216,-0.9,-0.6,0.662,-0.85,-0.88,-0.8,5
0.1,0.765,1.74,-0.4,0.509388864,-0.3,1.5,0.132,-0.98,-0.71,-1.2,5
2.6,0.4,1.94,-0.1,-0.531,-0.9,-0.7,1.5621,-1.82,-0.53,-0.5,5
2.2,-0.88,2.51,1.2,-0.467,-0.8,-0.3,1.9327,-0.59,-0.4,2.4,7
-1,1.156,-1.29,3.8,0.722,5,2.4,1.4032,1.03,-0.77,-0.5,5
1.9,0.35,1.64,0.1,-0.021,-0.3,0.1,1.0855,-0.85,-0.06,0.6,6
1.9,0.35,1.64,0.1,-0.021,-0.3,0.1,1.0855,-0.85,-0.06,0.6,6
0.2,1.323,-0.26,-0.1,-0.509,-0.7,-0.1,-0.2382,-1.4,-0.65,-0.9,5
-1,1.156,-1.29,3.8,0.722,5,2.4,1.4032,1.03,-0.77,-0.5,5
-0.4,-1.5,0.1,-0.6,-0.615511545,0.4,-0.3,-0.9795,-0.13,-1.12,0.4,6
2.3,-0.27,1.38,0.1,-0.064,0.3,0.5,1.7,-1.4,-0.29,0.1,6
1.8,0.4,1.12,0.1,-0.064,-0.6,-0.2,1.4032,-1.04,-0.18,0.1,6
-0.4,0.9,-1.13,0.1,-0.276,-0.1,-0.6,0.3442,-0.33,-0.29,-1.2,5
0.2,-1.22,0.97,-0.8,-0.615511545,-0.5,-0.7,-0.0794,0.32,0.59,-0.3,6
0.9,-0.49,1.02,0,-0.531,-0.7,-0.6,0.7149,-0.46,-0.06,0.4,6
2.2,-0.77,2,0.4,0.10612268,-0.4,-0.5,1.5091,-0.85,-0.18,0.4,7
1.2,-1.05,1.58,0.9,1.825,-0.9,-0.9,0.132,-0.78,0.2,0.8,6
2.5,-0.38,1.12,1.4,-0.38,1,0.1,0.7149,-1.69,-0.53,-0.8,4
0.4,-0.55,0.35,0,-0.17,1,1.2,1.0326,0.45,-0.24,-0.8,6
0.5,-0.43,0.4,-0.1,-0.17,0.7,1,1.0326,0.45,-0.24,-0.8,5
-0.7,1.156,-0.57,-0.4,0.3,-0.1,0.9,-0.0794,-0.26,-0.12,-1,5
0.9,-0.7,1.33,3,0.191020824,-0.9,-0.8,0.9796,-0.26,0.94,1.2,7
0.3,-0.04,0.35,0.1,-0.021,0.8,2.3,0.7678,-0.33,-0.29,-0.8,5
0.2,1.1,-0.16,2.9,0.615511545,1.5,2.7,2.4622,0.06,2.42,-1,5
1.4,-0.27,1.89,-0.2,0.488,-0.9,-0.8,0.132,-0.33,0,1.2,6
-0.8,0.29,-0.78,-0.4,0.064,1.7,2.4,-0.6089,0.84,-1.06,0.1,5
2.1,-0.83,1.23,-0.4,0.7,-0.8,-0.8,1.5091,-0.46,0.59,0,6
-0.9,1.35,-1.4,-0.5,-0.467,1.7,0.2,0.4501,2,0.12,-0.5,5
0.7,0.18,0.3,-0.1,0.021224536,1.8,0.6,0.2383,-0.2,0.41,1.3,7
-1,1.74,-1.24,-0.1,-0.615511545,1.6,0,-0.8207,1.36,-0.59,1.8,7
-0.4,2.41,-0.4,-0.4,-0.87,-0.1,0.4,-0.6618,0.32,-1.3,0.5,5
1.3,-1.61,1.02,-0.3,-0.467,-0.9,-0.7,0.556,-1.04,1.4,0.6,7
-0.4,2.41,-0.4,-0.4,-0.87,-0.1,0.4,-0.6618,0.32,-1.3,0.5,5
-1,1.74,-1.24,-0.1,-0.615511545,1.6,0,-0.8207,1.36,-0.59,1.8,7
-1.1,0.79,-0.98,-0.3,-0.913,0.3,0,-0.9795,1.16,-1,0.9,6
0.7,1.41,-0.26,-0.4,-0.233,-0.9,-0.4,1.0855,-0.33,-0.59,0.2,6
0.5,-0.04,0.3,-0.9,-0.38,-0.7,-0.5,0.556,-0.46,-0.4,-1,5
2.6,1.74,1.84,-0.1,0,-0.3,-0.3,1.5621,-1.4,-0.4,0,6
1.3,-1.61,1.02,-0.3,-0.467,-0.9,-0.7,0.556,-1.04,1.4,0.6,7
-0.3,0.12,0.4,-0.2,-0.297143504,0.5,0.6,0.3442,-0.39,-0.59,-1.1,5
2.1,-0.88,2.15,-0.1,-0.212,-0.4,-0.7,-0.503,-2,-0.06,2.3,6
2.4,-0.77,1.84,-0.1,0.064,-0.9,-0.9,1.9327,-0.98,-1,-0.8,5
1.2,-0.66,1.43,0.5,-0.255,0.6,0.2,1.5091,-1.04,1.36,-0.5,6
2.4,-0.77,1.84,-0.1,0.064,-0.9,-0.9,1.9327,-0.98,-1,-0.8,5
-0.2,0.79,0.1,-0.4,-0.59,2.1,0.5,-0.503,-0.33,-0.59,-0.2,6
1.6,-0.43,2.35,0.5,-0.467,-0.9,-0.7,0.9796,-0.91,0,0.8,6
1.2,-0.66,1.43,0.5,-0.255,0.6,0.2,1.5091,-1.04,1.36,-0.5,6
-0.8,0.51,-0.47,-0.7,-0.552,-0.8,0.1,-0.8736,-1.49,-0.4,-1,5
2.5,-1.22,2.3,-0.2,-0.339592576,-0.9,-0.5,1.0326,-2.79,0.94,-0.6,8
2.1,-0.7,1.94,-0.25,-0.424,-0.8,-0.6,1.0855,-1.62,0.12,0.8,6
4.3,0.877,2.51,0.9,0.3,-0.9,-0.1,3.4153,-2.34,0.12,0.8,7
1,-0.49,1.12,0.1,-0.233,-0.5,-0.8,-0.2382,-0.52,-0.18,1.1,7
-1.8,0.24,-1.34,-0.6,-0.721634225,-1,-0.6,-1.7738,1.68,1.06,2,7
0.7,1.156,-0.9,-0.3,-0.191,-0.9,-0.5,0.9796,-0.52,-0.59,-0.3,6
2.5,-0.83,1.7,0.1,-0.149,1.5,0.8,1.5091,-1.4,0.41,0.1,5
0.6,-0.27,0.1,-0.3,0.828,-0.9,-0.9,0.0265,-0.59,0.35,0.8,5
0.2,0.01,-0.26,-0.4,0.3,-0.8,-0.6,-0.0264,-0.7,-0.59,-0.2,6
2.1,-0.77,2.15,0.2,0.149,0.1,-0.3,1.4032,-1.4,-0.29,0.4,6
2.1,-0.77,2.15,0.2,0.149,0.1,-0.3,1.4032,-1.4,-0.29,0.4,6
0.1,-0.88,1.33,-0.5,6.898,-0.7,-0.6,0.609,-1.62,2.36,-1.2,6
-0.9,0.18,-1.24,-0.6,-0.085,0.2,-0.3,0.0265,0.84,-0.18,-0.4,6
1.2,-1.1,1.84,0.2,-0.085,-1,-0.7,1.615,-0.33,0.47,0.8,7
-0.8,-1.66,0.7,-0.6,-0.531,0.5,0.6,-0.8207,1.2,-0.18,0.7,5
1.8,0.51,2.05,1.9,-0.042,-0.9,-0.8,1.0855,-0.59,0.18,2.8,8
0.4,0.35,0.61,-0.1,0.149,-1,-0.7,0.9796,0.38,-0.47,-0.1,5
0.5,0.57,-0.31,0.1,0.191020824,1.3,0.6,1.0855,-0.2,-0.47,-0.8,5
1.2,-1.1,1.84,0.2,-0.085,-1,-0.7,1.615,-0.33,0.47,0.8,7
1.9,0.29,2,-0.2,-0.297143504,-0.6,0,2.1445,-0.39,-0.53,-1.3,3
0.5,-0.55,1.28,-0.1,-0.106,-0.2,-0.7,0.4501,0.25,-0.29,0.8,6
0,0.486,-0.26,0.1,-0.021,-0.9,-0.8,0.7678,-0.33,-0.29,-1,5
1.6,-1.5,2.1,0.04,-0.064,-0.6,-0.7,0.132,-0.85,-0.29,1.3,5
-0.1,0.74,2.2,-0.2,0.212,0.9,2.5,0.2383,-1.49,-0.77,-1.3,5
1.9,-1.188,1.38,-0.3,-0.085,-1,-1,1.0326,-2.14,0.2,-1.1,6
1,-1.33,0.7,0.3,0.212,-0.6,-0.6,2.0386,1.1,1.47,-0.7,5
1.2,-0.2,0.76,-0.4,-0.403,0.5,0.1,0.7678,-0.98,0.35,1,6
0.3,-0.38,0.92,0.1,-0.488,-0.8,-0.9,-1.0854,0.06,0.77,3.4,6
1.8,-0.94,2.15,-0.3,0.04,-0.9,-0.8,1.7,-0.91,-0.24,-1.1,6
0.2,1.63,-1.29,-0.9,-0.38,1.9,0,-0.8207,-0.7,-0.47,-0.6,5
2.8,-1.16,1.94,0.1,0.10612268,-0.1,0,1.5091,-1.69,-0.29,0.2,5
0.8,0.07,0.76,-0.1,-0.149,0.9,0.2,0.132,-0.7,0.29,0.9,6
2.5,-0.88,1.43,0.1,-0.106,0.9,0.7,1.4562,-1.04,0.94,0,6
0.9,-0.99,1.43,-0.3,-0.552,-1,-1,0.1854,-0.33,0.77,0.2,5
1.3,-1.38,1.23,-0.6,-0.17,-0.6,-0.7,0.7678,-0.7,1.36,-0.9,6
0.8,0.85,-0.16,-0.2,-0.021,-1,-0.6,1.0855,-1.11,-0.4,-0.2,5
0.6,-1.44,0.71,-0.4,0.064,-0.9,-0.9,0.662,-0.2,0.2,-0.7,5
1.2,-1.61,1.12,-0.5,-0.276,-0.9,-0.8,0.5031,-0.85,2.36,0.6,6
0.8,0.85,-0.16,-0.2,-0.021,-1,-0.6,1.0855,-1.11,-0.4,-0.2,5
0.6,0.877,-0.83,0.1,-0.233,-0.9,-0.5,0.8737,-0.78,0.2,-0.3,6
1.4,-1.38,0.61,9.2,-0.403,-0.9,-0.7,3.0976,-1.24,0,-1.1,5
0.6,-1.3,1.48,0.2,-0.17,-0.9,-0.9,-0.1853,-1.04,1.53,1.2,8
1.4,-0.94,1.64,-0.2,1.358,-0.9,-0.9,0.9796,-1.75,2.3,-0.9,5
1.4,-0.94,1.7,-0.2,1.358,-0.8,-0.9,0.9796,-1.75,2.36,-0.9,5
1.4,-0.49,2.1,1.1,0.552,-0.9,-0.7,0.132,-1.62,0,2.8,6
1.1,0.79,0.61,-0.4,-0.721634225,-0.9,-0.9,0.4501,-0.91,-1.12,-0.4,5
1.1,0.79,0.61,-0.4,-0.721634225,-0.9,-0.9,0.4501,-0.91,-1.12,-0.4,5
1.1,0.654,0.46,-0.5,-0.743,-1,-1,0.7678,-0.91,-1.41,-0.4,6
1.9,-1.16,1.43,0.2,-0.149,1.8,0.6,1.8268,0.06,1.53,0.4,7
0.6,-0.77,0.7,0.1,-0.318,-0.6,-0.6,0.8737,0.19,0.53,-0.2,6
0.6,1.379,-0.01,0.2,-0.212,0.8,0.3,0.8737,0,0.06,0.2,6
0.5,-0.66,1.2,0,-0.7,-0.4,-0.7,-0.8207,0.19,0.77,2.7,7
0.4,-0.7,1.23,0.1,-0.764083297,-0.3,-0.6,-0.927,0.06,1.4,2.8,7
0.2,0.9,0.2,0.4,-0.042,0.7,1,1.8268,1.1,0.47,1.1,6
-1.1,-0.77,-0.21,4.1,-0.785,1.2,1.4,-0.8207,0.84,-0.65,1.6,6
1.4,-0.99,1.33,0.1,-0.38,-1,-0.9,0.2383,-1.04,-0.06,0.6,8
-0.3,-0.04,-0.11,-0.4,-0.149,-0.2,-0.3,0.8737,0.77,-0.06,-1.3,6
-0.6,-1.05,0.25,0,0.04,2.6,2,-0.0794,0.06,0.77,0.7,5
1.4,-0.99,1.33,0.1,-0.38,-1,-0.9,0.2383,-1.04,-0.06,0.6,8
0.2,0.9,0.2,0.4,-0.042,0.7,1,1.8268,1.1,0.47,1.1,6
-0.3,-0.04,-0.11,-0.4,-0.149,-0.2,-0.3,0.8737,0.77,-0.06,-1.3,6
1.2,-0.49,2.35,2.87,-0.297143504,2.1,0.9,1.191428803,-0.91,1.12,1.5,7
1.2,-0.49,2.35,2.87,-0.297143504,2.1,0.9,1.191428803,-0.91,1.12,1.5,7
1.3,-1.5,1.02,-0.4,-0.212,-0.9,-0.7,0.4501,-0.85,2.24,0.5,7
1.3,-1.61,0.76,-0.5,-0.233,-0.9,-0.7,0.4501,-0.65,2.3,0.4,7
1.1,-0.21,1.84,0.3,-0.339592576,-0.6,-0.6,0.0265,-0.98,0.71,2,7
1.2,-1.61,0.97,-0.5,-0.276,-0.9,-0.8,0.4501,-0.39,2.12,0.4,7
1.7,0.79,1.43,-0.1,-0.085,-0.9,-1,1.7,-0.91,0.29,-0.8,6
1,0.35,0.2,-0.2,0.04,1,0.5,1.4032,-0.85,-0.18,-0.2,6
2.9,-1.33,2.46,0.2,-0.085,0.7,-0.1,0.9796,-1.75,0.12,0.9,7
2.4,-0.6,1.12,1.5,-0.318,0.3,-0.1,0.556,-1.88,-0.29,-0.8,5
1,0.35,0.2,-0.2,0.04,1,0.5,1.4032,-0.85,-0.18,-0.2,6
1.4,-0.7,1.07,-0.3,0.785,-0.1,0.1,0.662,-1.82,0.88,-0.7,6
1.3,-0.1,1.89,-0.1,0.403,-0.9,-1,0.2913,-1.43,0,1.3,7
1.3,-0.1,1.89,-0.1,0.403,-0.9,-1,0.2913,-1.43,0,1.3,7
0.1,0.709,1.12,2.6,0.722,1.7,3.2,2.25,0,2.83,-1,5
2.5,0.4,1.12,1.3,0.3,-1,-1,2.25,-0.39,0.47,1.4,6
1.2,0.46,1.12,-0.3,2.4,-1,-0.9,1.4032,-0.98,-0.18,-1.9,3
1.5,-1.77,1.12,0.2,0,-0.5,-0.4,0.2383,-0.59,0.12,1.2,6
-0.6,-0.909,1.12,0,0,2.2,1.8,-0.0794,0.32,0.71,0.6,5
0.9,-1.55,1.12,0.1,0,-0.1,-0.4,0.7678,0.71,1.4,-0.4,6
-0.4,-0.66,1.12,-0.4,0,0,-0.1,0.662,1.1,-0.12,-1.2,5
-0.1,-0.77,1.12,-0.1,0.233,3,2.6,0.609,0.45,1.94,-0.6,5
0.6,-0.7,1.12,0,-0.064,2.1,2.9,0.556,-0.59,-0.65,-0.9,5
0.5,-0.55,1.12,-0.1,-0.042,0.7,2.1,0.4501,-0.52,-0.12,-0.8,5
1.2,0.63,-0.16,0.2,0.361,1.3,0.2,1.615,-0.46,0.06,-0.5,5
-0.6,-0.909,1.12,0,0,2.2,1.8,-0.0794,0.32,0.71,0.6,5
-0.8,-0.83,1.12,0,0.191020824,1.6,1.2,-0.2912,0.51,0.65,0.9,6
-0.1,-0.6,1.12,0.1,-0.085,1.6,0.3,1.0855,0.19,0.53,-1.6,6
0.9,0.57,-0.16,-0.1,-0.233,-0.9,-0.4,0.3442,-1.43,-0.53,-0.9,5
0.5,-1.72,-0.16,-0.3,-0.212,-1.4,-0.6,1.191428803,0.64,1.24,-0.1,6
2.1,-0.83,1.12,0.1,0.212,-0.4,-0.1,1.9327,-0.98,-0.29,-0.1,5
2.1,-0.83,1.12,0.1,0.212,-0.4,-0.1,1.9327,-0.98,-0.29,-0.1,5
1.2,-1.44,-0.16,-0.3,-0.339592576,-0.1,-0.4,-0.6089,-0.59,0,2.3,6
1,-0.27,-0.16,0.1,0.297,-0.3,-0.4,1.7,-0.2,-0.59,-0.4,6
0.5,-1.72,-0.16,-0.3,-0.212,-1.4,-0.6,1.191428803,0.64,1.24,-0.1,6
0.9,0.57,-0.16,-0.1,-0.233,-0.9,-0.4,0.3442,-1.43,-0.53,-0.9,5
-0.1,1.658,-0.16,-0.3,-0.085,-1,-1,0.2383,0.38,0.65,0.3,6
2.7,-0.99,1.12,2.3,-0.467,-1,-0.3,2.4622,-0.7,0,1.5,7
1.7,-0.2,2.41,1.88,0.3,-1,-0.9,1.5091,-0.59,-0.24,0.8,5
0.5,0.35,-0.16,0.6,0.275918968,0.4,0,1.0855,-0.33,0.06,-0.8,5
0.7,-0.38,1.12,2.7,-0.509,-1,-0.9,1.0855,-0.65,0.41,0.6,6
0.6,1.044,-0.16,-0.3,-0.38,-1,-0.8,-0.0794,-1.24,-0.41,-0.5,5
1.7,0.74,-0.16,0,-0.064,0,0.2,1.3503,-1.62,0.35,0.6,6
3.5,-1.22,2.41,-0.5,-0.276,-0.9,-1,2.1445,-2.92,0.77,-1.9,6
0.5,-0.32,1.12,0.1,0.127,2.1,1.8,0.7678,-1.49,-0.41,-1.2,5
-0.5,0.12,-0.16,-0.4,-0.212,-0.6,-0.6,0.8208,0.9,0.71,-0.8,6
1.4,-1.22,1.12,0,-0.446,-0.9,-0.8,1.0326,-0.33,1.18,0.3,6
2.4,-0.99,1.12,0.1,-0.191,1.1,0.7,1.4032,-1.24,0.53,0,6
0.4,0.01,1.12,-0.4,1.762,-0.9,-0.7,0.3972,-0.26,-0.29,-0.9,6
-0.9,-0.1,-1.34,-0.3,-0.297143504,-0.7,-0.7,-0.503,0.13,-0.59,-0.8,6
0.6,-0.55,-0.16,0.2,0.085,-0.2,0,0.662,-0.78,0.41,-0.4,6
0.7,-0.38,-0.16,0.1,0.085,-0.2,-0.1,0.662,-1.24,0.47,-0.4,6
-1.9,2.86,-0.16,-0.6,-0.81,1.6,1.5,-1.7738,2.78,-0.24,1,5
4.2,0.654,1.12,1.2,0.149,-0.6,-0.7,3.38887,-2.53,0.47,0.7,5
4.2,0.654,1.12,1.2,0.149,-0.6,-0.7,3.38887,-2.53,0.47,0.7,5
1.5,0.01,1.12,1.5,0.636736081,-0.6,-0.9,1.8268,-1.56,-0.59,1.2,6
4.3,0.654,1.12,1.2,0.149,-0.6,-0.7,3.38887,-2.53,0.47,0.7,5
1.5,0.01,1.12,1.5,0.636736081,-0.6,-0.9,1.8268,-1.56,-0.59,1.2,6
2.8,-0.32,1.12,1.3,-0.064,-0.9,0,2.8329,-0.1,0.12,2.2,6
2.6,0.4,1.12,0.2,-0.276,-1,-0.8,1.4032,-1.11,-0.53,0.9,5
0.4,-0.49,1.12,-0.1,-0.212,1,2.3,0.556,-0.52,-0.47,-1.1,5
0.4,0.07,1.12,0.3,0.127,2.4,1.9,0.7678,-1.49,-0.29,-1.1,5
-0.4,-1.33,1.12,0.1,0.085,0.9,0.4,0.1854,0,-0.29,-0.3,6
2.8,-0.32,1.12,1.3,-0.064,-0.9,0,2.8329,-0.1,0.12,2.2,6
2.6,0.4,1.12,0.2,-0.276,-1,-0.8,1.4032,-1.11,-0.53,0.9,5
0.2,1,-0.16,0,2.929,-1,-1,1.2444,0.06,-0.4,-1.3,6
0.2,1,-0.16,0,2.929,-1,-1,1.2444,0.06,-0.4,-1.3,6
0.9,-0.2,1.12,0.1,3.44,-1,-0.8,1.191428803,0,0.77,0.3,6
-1.2,-0.94,-0.16,-0.2,0.149,0.3,-0.1,-1.1384,1.68,-0.53,1.2,6
1.9,-0.99,1.12,0.6,-0.38,-0.6,-0.3,1.8798,0.06,1.47,0.6,6
-1.2,-0.94,-0.16,-0.2,0.149,0.3,-0.1,-1.1384,1.68,-0.53,1.2,6
1.1,-1.61,1.12,-0.1,-0.276,-0.6,-0.6,0.556,-1.11,-0.29,0,5
1.3,0.35,1.12,-0.3,-0.38,-0.2,0,1.2444,-0.1,-0.59,-0.8,4
1.4,-1.05,1.12,0.5,-0.212,0.4,1,1.2973,-0.78,0.2,-0.4,6
2.4,-1.44,1.12,0.4,-0.191,1.2,0,1.3503,-0.7,0.8,-0.2,6
0.9,-0.2,-0.16,-0.1,0.31836804,-0.9,-1,0.556,0.19,-0.83,-0.4,4
0.3,-0.49,1.12,0.2,-0.106,0.2,2,0.7678,-0.1,-0.4,-0.8,5
0.3,-0.32,1.12,0.3,-0.064,0.1,1.9,0.7678,-0.13,-0.4,-0.6,5
1.4,-1.22,1.12,-0.2,-0.531,0.2,-0.2,0.4501,-1.11,-0.88,-0.6,6
2.4,-0.2,1.12,-0.2,0.021224536,-1,-1,1.8268,-0.78,-1.3,-0.8,5
2.4,-0.2,1.12,-0.2,0.021224536,-1,-1,1.8268,-0.78,-1.3,-0.8,5
2,-0.21,1.12,-0.2,-0.106,-1,-1,1.7,-0.78,-1.36,-1.1,5
2.2,-1.38,1.12,-0.4,-0.297143504,-0.6,-0.8,0.4501,-2.14,0,-0.5,7
2.1,-1.1,1.12,0.6,0.10612268,3.7,1,1.8268,-0.1,0.59,0.3,7
-0.4,-0.1,-0.16,-0.1,0.064,-0.7,-0.3,0.662,1.03,0,-0.8,6
1.6,-1.22,1.12,0.1,0.127,0,0,0.9796,-1.24,2.12,0.2,7
-0.6,1.13,-0.16,-0.4,0.42449072,0.2,1.7,-0.0264,-0.33,-0.41,-1,5
-1.9,-0.6,-0.16,-0.4,-0.59,0.3,0.1,-2.674,2.65,0.47,3.4,8
1.1,-1.33,1.12,0.1,-0.615511545,-1,-1,0.4501,-1.69,0.47,0.1,7
0.4,-0.43,1.12,0.1,-0.085,0.5,0.9,1.0326,0.25,-0.53,-0.7,5
-1,-0.77,1.12,-0.6,-0.38,0.7,3.1,-2.4092,-1.24,-0.9,1,6
0.4,-0.43,1.12,0.1,-0.085,0.5,0.9,1.0326,0.25,-0.53,-0.7,5
0.9,-0.21,1.58,0.7,0.127,-0.7,-0.1,1.9327,-0.13,-0.47,-1.3,5
-0.2,1.07,-0.52,0.1,0.17,0.4,-0.3,0.556,0.6,-0.77,-0.8,5
0.4,0.375,0.71,3.8,-0.042,1.4,1.9,1.615,-0.26,-0.53,-1,5
2.4,-0.7,1.23,-0.4,-0.615511545,-0.9,-0.7,1.4032,-1.75,-0.4,-1,6
2.1,0.29,1.58,-0.4,-0.361,-1,-0.9,0.662,-1.43,-0.18,-0.4,6
0.1,0.319,-0.47,-0.3,-0.212,-1,-0.5,-0.0264,-0.7,-1.06,-0.6,6
2.6,0.35,0.92,-0.1,-0.127347216,-0.5,-0.7,1.7,-2,0.2,-1,6
-0.1,2.161,-0.01,-0.3,0,-0.8,-0.7,-0.2912,-0.33,-1.12,-0.4,4
2.9,-0.38,1.28,-0.2,-0.361,-0.4,-0.3,2.0386,-1.4,-0.59,-1.3,6
-0.4,1.714,-1.4,0.1,-0.149,-0.9,-1,0.3972,-0.1,-0.83,-1,5
2.9,-0.38,1.28,-0.2,-0.361,-0.4,-0.3,2.0386,-1.4,-0.59,-1.3,6
0,0.29,-0.72,0.3,0.17,-0.2,0.5,0.8737,-0.91,-0.24,-1.2,6
0,0.4,-0.72,0.1,-0.064,-0.9,-0.7,0.8737,0,-0.41,-1.1,6
0.6,-0.66,1.07,1.5,-0.339592576,-0.6,-0.8,0.2913,0.19,0.77,1.7,7
0.3,-0.27,0.71,0.6,0.085,1,0.2,0.7678,0,-0.77,0.1,6
1.1,0.68,0.51,1.8,0.47,-0.5,0.6,3.0976,0.06,-0.12,0,6
-1.2,-0.94,-0.42,0.5,-0.276,-0.1,-0.2,-0.6089,1.62,-0.83,2.2,6
0.3,-1.61,1.38,0,-0.106,0.9,0.3,0.8208,0.51,-0.71,-1.1,5
2.9,-0.83,1.43,0.1,-0.149,-1,-0.9,2.0386,-2.14,-0.71,-0.9,5
-0.5,0.63,-1.4,-0.1,-0.233,0.2,-0.5,-0.1323,0.06,-0.4,-0.4,6
-0.1,-0.77,0.56,-0.7,-0.636736081,-0.6,-0.5,-0.2912,-0.33,0.47,-0.6,5
0.5,1.268,-0.47,-0.2,1.273472161,-0.6,1.7,0.0795,-2.86,4.13,-0.2,6
0.8,0.4,1.2,-0.1,-0.191,1.2,0.7,1.5621,1.2,-0.53,-0.7,5
0.8,0.4,1.2,-0.1,-0.191,1.2,0.7,1.5621,1.2,-0.53,-0.7,5
1.9,-1.22,1.23,-0.2,-0.191,-0.2,-0.6,0.7678,-1.82,1.59,-0.6,6
1.8,-0.38,1.2,0.1,0.722,-1.1,-0.9,2.0386,-1.17,0.2,-0.2,5
1.8,-0.88,0.71,-0.1,0,-0.9,-0.9,1.0855,-1.43,0.8,-1,5
0,0.07,-0.16,0.6,-0.255,0,2,0.4501,-0.26,-0.29,-0.9,5
-0.1,0.18,-0.21,0.6,-0.212,-0.2,1.7,0.4501,-0.2,-0.24,-0.9,5
1,0.29,-0.26,-0.4,-0.17,-0.7,-0.4,0.3442,-1.17,-0.65,-0.8,5
-0.2,-0.1,-0.11,0.3,-0.233,0.5,0,0.3442,1.16,1.77,1.6,6
-0.9,0.9,-1.4,2.2,0.764,0.5,0.3,1.5621,0.97,0.35,-0.2,5
-0.9,0.9,-1.4,2.2,0.764,0.5,0.3,1.5621,0.97,0.35,-0.2,5
0.3,0.4,0.1,-0.2,0.212,-1,-1,1.0855,0.32,-1,-1.2,5
0.3,0.4,0.1,-0.2,0.212,-1,-1,1.0855,0.32,-1,-1.2,5
0.2,0.07,-0.06,0,0.191020824,-0.8,-0.5,0.4501,-0.26,-0.4,-1,6
-0.4,0.877,-0.21,-0.1,0.488,0.4,1.1,-0.1853,-0.65,-0.29,-1,5
0.2,0.07,-0.06,0,0.191020824,-0.8,-0.5,0.4501,-0.26,-0.4,-1,6
1.2,-1.38,1.38,0.1,0.361,-1,-0.8,1.0855,-0.39,-0.18,-0.8,5
-0.4,-0.66,-0.67,0.4,-0.021,0.5,-0.1,-0.1853,0.06,-0.53,0.1,6
1.1,2.272,-0.26,0.6,0.361,-0.5,1.2,2.25,0.77,-0.12,0.8,4
-0.2,-0.99,-0.31,-0.4,-0.318,2.9,1.7,-0.1853,-0.26,-0.47,-0.8,5
0.2,1.74,-1.4,-0.8,-0.488,0.8,-0.4,-0.7148,-0.26,-0.65,-0.7,5
0.8,1.97,0.05,-0.1,-0.042,1.4,3.1,0.609,-0.46,-0.77,-0.9,5
0.7,1.993,-0.01,-0.1,-0.085,1.5,3,0.556,-0.46,-0.77,-0.9,5
-0.4,2.161,-0.78,-0.2,1.167349481,-0.8,-0.7,-0.1853,0.25,-0.06,-0.2,7
0.4,-1.33,0.4,-0.4,-0.446,0.9,0.3,0.132,-0.85,4.13,-0.1,6
0.9,0.07,0.92,-0.1,-0.361,0,-0.2,1.2444,0.51,-0.24,-0.9,5
0.7,0.35,0.87,-0.1,-0.361,0.5,0.7,1.2973,0.97,-0.18,-0.8,5
0.9,0.07,0.92,-0.1,-0.361,0,-0.2,1.2444,0.51,-0.24,-0.9,5
0.7,0.35,0.87,-0.1,-0.361,0.5,0.7,1.2973,0.97,-0.18,-0.8,5
0.9,0.07,0.92,-0.1,-0.361,0,-0.2,1.2444,0.51,-0.24,-0.9,5
-0.3,0.63,-0.9,2.5,0.573,-1,-1.1,0.8737,0.38,0.18,-0.3,7
-0.6,0.79,-1.13,0.8,0.403,-0.9,-0.8,0.2383,0.6,-0.18,-0.3,5
0,1.77,-1.34,-0.2,-0.38,-1,-1,-0.0264,0.06,-0.47,0.6,4
0.2,-0.27,0.1,0.2,-0.467,-0.6,-0.6,-0.1853,0.13,0.06,0.8,7
-0.9,-0.6,-0.01,4.3,-0.424,0.8,3.1,-1.0325,-0.98,-0.53,0.8,6
1.4,-0.55,0.61,-0.2,0.382,-0.7,-0.4,0.9796,-2.73,-0.9,-0.8,5
0.9,1.97,-0.11,0,0.339592576,1.8,3.3,2.25,0.64,0.06,0.8,5
4.5,-0.94,1.94,3.5,0.17,0.6,0.7,0.4501,-2.14,1.06,4.2,5
0.6,-1.1,1.64,0.2,-0.191,-0.7,-0.5,0.4501,-1.24,-0.71,1.5,6
0.2,-0.32,1.02,-0.1,-0.297143504,-0.8,-0.5,0.609,-1.49,-1.18,-0.8,5
0.8,0.12,-0.52,0.3,-0.021,0.4,0.2,1.9327,-1.11,-0.29,-0.9,5
1.4,-0.55,0.61,-0.2,0.382,-0.7,-0.4,0.9796,-2.73,-0.9,-0.8,5
2.2,-0.2,1.64,-0.8,-0.318,0.7,-0.1,0.662,-2.53,0.12,0.1,7
-0.6,-0.04,-1.03,-0.8,-0.297143504,-1,-0.8,0.2913,0.06,0.88,-0.8,6
-0.7,1.74,-1.29,1.3,0.17,-1,-1,0.132,0.64,-0.53,0.6,4
-0.6,-0.04,-1.03,-0.8,-0.297143504,-1,-0.8,0.2913,0.06,0.88,-0.8,6
-0.5,-0.6,0.2,-0.6,-0.17,-0.1,-0.1,0.556,0,-0.12,-1.3,5
-0.6,0.24,-1.08,-0.6,-0.255,-0.7,-0.6,0.2383,0.32,0.2,-0.8,6
1.1,-1.38,0.97,-0.5,-0.81,-1,-1,0.3442,-1.75,0.77,-0.2,6
2.2,-0.7,1.28,-0.4,0.085,-0.1,0.2,1.7,-1.82,0,-0.2,5
0.6,0.35,-0.67,-0.4,-0.085,0.9,0,0.7149,-1.11,-0.59,-0.7,5
0,-0.21,0.46,-0.5,2.844,-0.9,-0.9,0.662,-0.85,-0.4,-0.8,6
1.8,-1.05,0.92,-0.4,-0.127347216,-0.9,-1,1.0855,-2.4,0,-1.1,6
1,1.13,0.82,-0.1,-0.615511545,-0.1,-0.5,-0.0794,-1.04,-0.53,0.6,5
1.8,-1.05,0.92,-0.4,-0.127347216,-0.9,-1,1.0855,-2.4,0,-1.1,6
-0.8,-0.7,-0.16,0,-0.106,1.4,0,-0.45,-0.33,-0.47,-0.4,5
-0.1,1.13,-0.31,-0.6,-0.297143504,-1,-1,0.0265,-0.7,-0.83,-0.8,5
0.9,3.97,0.35,-0.4,-0.191,1.6,3.2,0.662,-1.04,-0.77,-0.8,5
-0.1,1.13,-0.31,-0.6,-0.297143504,-1,-1,0.0265,-0.7,-0.83,-0.8,5
1.5,-0.7,0.71,-0.2,-0.085,-0.8,-0.9,0.8737,-1.49,0.06,-1,6
0.6,-0.66,0.61,-0.2,-0.509,-0.4,-0.5,0.8737,-0.33,-0.06,-0.2,5
1.5,-0.7,0.71,-0.2,-0.085,-0.8,-0.9,0.8737,-1.49,0.06,-1,6
0.2,1.5,-0.83,-0.1,-0.085,-0.4,-0.5,0.609,0.6,-1.06,-0.5,5
0,1.41,-0.9,0.1,-0.149,2.8,1.2,0.8208,1.1,-0.77,-0.4,5
1.5,-1.5,0.92,0.6,-0.59,0.4,0.1,0.2383,-1.17,-0.71,-0.8,5
2.9,-0.55,1.58,-0.4,-0.38,-0.1,-0.2,1.9327,-1.62,-1,-1.3,5
-0.2,-0.43,-0.21,-0.2,0.127,0,-0.5,-0.2912,-0.65,-1,-0.2,6
0.1,-0.38,0.2,-0.18,-0.212,1.6,0.3,0.662,0.13,-0.71,-0.6,5
-0.1,1.41,-0.21,0.1,-0.615511545,-1,-1,0.132,0.38,-0.59,0.8,5
0.9,2.52,0.25,-0.1,-0.212,1.8,3.2,0.662,-0.39,-1.06,-0.9,5
-0.1,1.41,-0.21,0.1,-0.615511545,-1,-1,0.132,0.38,-0.59,0.8,5
-0.7,0.68,-0.47,-0.5,-0.38,-0.3,-0.2,0.132,0.84,-0.4,-1.2,5
0.5,0.63,-0.21,0.4,0.149,-0.3,-0.3,1.615,-0.2,-0.41,-0.7,5
-0.4,0.74,-1.19,-0.6,-1.04,-1.1,-1.1,-0.2912,0.6,-1.12,-0.9,5
-0.1,-0.83,1.07,-0.5,1.464,-1,-0.9,0.4501,-0.1,2.3,-0.9,5
-0.5,3.667,-1.4,1.24,0.191020824,-1,-1,-0.0794,2.07,-0.71,0.3,3
0.5,2.19,-0.16,0.1,-0.021,-0.4,1.4,1.615,1.1,-0.71,-0.6,5
0.2,-0.21,1.23,-0.4,7.08899503,0,0.5,0.609,-1.82,3.01,-1.3,5
0.4,-0.27,0.25,0.2,-0.085,0.5,2.3,0.8737,0.06,-0.24,-0.9,5
0.4,-0.32,0.2,0.1,-0.085,0.8,2.4,0.8737,0,-0.29,-0.9,5
-1.9,-0.32,-1.29,-0.9,-1.146,0.2,-0.1,-2.4622,3.8,-0.24,2.3,6
-0.8,0.68,-1.29,-0.3,-0.467,-0.7,-0.7,0.2383,1.03,0.06,-0.8,6
-0.8,0.68,-1.29,-0.3,-0.467,-0.7,-0.7,0.2383,1.03,0.06,-0.8,6
0.6,0.486,0.05,0.5,-0.021,0.2,0.8,1.7739,0,-0.77,-0.7,5
2.1,-0.83,1.43,-0.3,-0.361,-1,-0.8,0.9796,-1.3,-0.24,0.4,6
1.4,2.75,0.82,0.3,-0.255,1,1.3,0.8737,-1.49,-0.53,-0.3,6
-0.8,0.68,-1.29,-0.3,-0.467,-0.7,-0.7,0.2383,1.03,0.06,-0.8,6
-0.8,0.63,-1.29,-0.3,-0.446,-0.7,-0.7,0.132,1.03,0.06,-0.9,6
-0.5,-0.83,1.07,0.1,-0.318,0.6,1.1,0.2383,0.06,0.2,-0.8,4
0.5,1.323,-1.19,-0.6,-0.212,-1.1,-1,0.662,-0.13,-0.71,-0.7,4
0.1,2.83,-0.62,2.5,-0.318,-0.5,0.2,1.191428803,0.38,-1,-0.5,5
-0.8,1.41,-0.98,-0.4,0.10612268,-0.6,-0.8,-0.6089,0.6,-1.12,-0.4,5
-0.5,-0.21,-0.42,0.4,-0.233,0,-0.3,-0.0794,0.38,-0.88,0.1,5
-0.3,0.096,-0.78,0,-0.424,-0.5,-0.3,-0.397,0.19,-0.29,1.1,6
0.8,-1.22,1.02,-0.6,-0.552,-0.3,-0.4,0.8208,-0.26,0,-0.4,6
1.4,2.774,0.82,0.2,-0.17,0.5,1.1,0.9267,-1.62,-0.53,-0.3,5
0.4,0.207,0.35,0.4,0.10612268,0,2,1.615,0.45,-0.29,-0.8,5
0.2,0.9,-1.4,0.5,-0.085,-0.3,-0.4,1.2973,0.32,-1.24,-0.9,5
-0.2,-0.55,0.46,-0.1,-0.276,-0.6,0,0.4501,0.19,-1.18,-0.9,5
0.9,1.18,0.05,0.1,-0.212,0.5,0.9,0.662,-0.2,-0.88,-0.6,5
-0.6,-0.21,-0.47,0.1,-0.403,-0.3,-0.4,-0.0264,-0.13,-1.06,-1.1,6
-0.2,-0.55,0.46,-0.1,-0.276,-0.6,0,0.4501,0.19,-1.18,-0.9,5
-0.4,-0.38,-0.83,0.1,-0.191,-0.4,0.1,0.0265,-0.65,-0.53,-0.4,5
0.1,0.18,-1.19,-0.4,-0.127347216,-0.6,-0.7,0.4501,-0.59,-1.3,-0.8,5
-0.7,0.74,-1.4,1,-0.042,0.1,0,0.4501,0.97,-0.71,-0.8,5
0.1,0.18,-1.19,-0.4,-0.127347216,-0.6,-0.7,0.4501,-0.59,-1.3,-0.8,5
0.4,-0.27,-0.16,0.25,0.127,1.8,1.8,0.7678,-1.4,-0.77,-1.1,5
-0.4,-0.6,-0.98,0.1,-0.085,-0.1,0,0.0265,-0.65,-0.41,-0.4,5
-0.7,-1.22,0.1,-0.2,-0.743,1.9,2.4,-0.1323,-2.4,5.66,-0.8,5
-0.5,3.277,-0.9,0.4,-0.042,-1,-1,-0.503,1.49,-0.4,0.8,4
0.4,0.74,-0.52,0.4,-0.233,-1,-1,0.4501,-0.13,-0.65,0,5
-0.1,1.07,-0.93,0.2,-0.085,0.2,0.1,1.4032,0.77,0.35,0.7,6
-1.1,0.24,-1.29,-0.5,-0.446,-1.1,-1.1,0.132,0.97,0.12,-0.8,5
-1.1,0.24,-1.29,-0.5,-0.446,-1.1,-1.1,0.132,0.97,0.12,-0.8,5
-1.1,1.881,-1.24,0.5,-0.361,1.1,0.3,-0.927,1.94,-1,2.2,6
0.7,0.12,2,-0.1,6.346,-0.4,-0.3,0.7678,-0.91,0.06,-0.8,5
0.4,1.937,-0.72,0.67,0,-1.1,-1,1.4032,0.84,-0.83,1,5
-0.6,1.714,-1.24,-0.3,0.085,-0.6,-0.8,-0.0794,0.51,-1.12,-0.8,5
-0.8,-0.43,0.35,0.1,-0.127347216,0,0.8,0.662,1.55,-0.4,-0.8,5
-0.4,0.18,-0.4,-0.4,-0.276,-0.7,-0.2,1.0326,1.1,-0.24,-1,5
-0.4,2.44,-0.9,-0.3,0.509388864,-0.5,-0.7,-0.2382,-0.33,-0.9,-0.8,5
-0.4,2.44,-0.9,-0.3,0.509388864,-0.5,-0.7,-0.2382,-0.33,-0.9,-0.8,5
-0.1,0.35,-1.4,0,0.10612268,0.3,0.3,1.8268,1.2,-0.06,-1,6
0.4,-0.38,-0.21,0.2,0.085,1.2,1.7,0.8208,-1.4,-0.59,-1.1,5
0.4,0.9,-1.4,-0.1,0,0.3,-0.3,1.191428803,0.25,-0.4,-1,5
0,1.3,0.1,1.2,-0.276,-0.4,-0.9,-0.1323,0.9,0.12,1,6
0.5,0.01,-0.16,0.1,-0.212,1.2,2.8,0.598383504,-0.65,-0.53,-0.8,5
-1.1,0.486,-1.4,-0.4,-0.488,-0.7,-0.9,0.2383,0.97,-0.06,-1.1,5
1.9,-0.66,1.58,0.2,0.17,0.9,1.7,1.84801,-1.17,-0.77,-0.4,5
1.6,-0.77,1.38,0.1,0.149,0.5,1.7,1.7739,-1.17,-0.88,-0.8,5
-0.6,-0.1,-0.47,-0.3,-0.38,-0.4,-0.6,0.492482558,1.36,0.41,-0.8,6
-0.1,-1.05,0.56,0,-0.17,-0.4,0.3,0.556,-0.1,-1.12,-1.3,6
0.2,-1.1,0.7,0.1,-0.106,0,0.7,0.56661,-0.1,-1.06,-0.9,5
-0.6,-0.2,-0.47,-0.3,-0.361,-0.4,-0.5,0.45542,1.36,0.35,-0.8,6
-0.6,-0.1,-0.47,-0.3,-0.38,-0.4,-0.6,0.492482558,1.36,0.41,-0.8,6
0,0.68,-0.9,0.3,0.021224536,0.1,-0.2,0.67781,-0.13,-0.65,-0.8,5
0,0.68,-0.9,0.3,0.021224536,0.1,-0.2,0.67781,-0.13,-0.65,-0.8,5
-0.4,0.07,-0.72,0,0.191020824,0.8,0.6,0.5825,0.51,-0.29,-0.9,5
0,0.68,-0.9,0.3,0.021224536,0.1,-0.2,0.67781,-0.13,-0.65,-0.8,5
-0.3,-0.27,2.1,-0.6,6.94,-0.2,-0.4,-0.10056,-1.43,2.36,-1.2,6
-0.3,2.13,-1.03,-0.4,-0.636736081,0.6,0,-0.79421,1.29,-1.36,0.3,6
-1.2,2.52,-1.34,-0.4,-0.658,-0.1,-0.4,-0.990130691,1.9,-1.18,0.8,6
-0.1,1.91,-1.4,-0.2,-0.085,-0.6,-0.5,-0.10056,-0.39,-0.9,-0.6,5
-0.1,1.91,-1.4,-0.2,-0.085,-0.6,-0.5,-0.10056,-0.39,-0.9,-0.6,5
0.3,-0.6,-0.31,0,0.085,1.6,1.3,0.78371,-0.78,-0.83,-1.1,5
0.4,0.29,-0.11,0.2,-0.276,-0.7,1.7,0.55073,-0.52,-0.53,-0.7,5
0.6,0.709,-0.06,-0.4,0.17,-1,-0.3,0.333631138,-0.39,-1.41,-0.8,5
0.3,1,-1.4,-0.6,-0.403,-0.7,-0.8,0.137714387,0,-0.77,-0.4,6
0.6,0.709,-0.06,-0.4,0.17,-1,-0.3,0.333631138,-0.39,-1.41,-0.8,5
0.5,0.85,-0.83,0.2,0.10612268,-0.5,-0.1,1.127888236,0,-0.65,-0.8,6
0.5,0.79,-0.9,0.4,0.064,-0.4,0,1.127888236,0,-0.71,-0.8,6
0.3,0.35,-0.47,0.3,0.021224536,-0.4,0.8,0.333631138,-1.11,-0.71,-0.9,5
-0.5,0.4,0.25,0.1,0.31836804,-0.3,1.6,1.392640601,0.9,-0.24,-0.8,5
-0.7,0.35,-1.29,-0.1,-0.127347216,0.8,1.4,0.3654,1.55,-0.77,-0.7,6
-0.2,1.07,-1.34,-0.4,-0.255,-0.8,-0.4,-0.037022174,0.51,-0.71,-0.8,5
-0.7,0.35,-1.29,-0.1,-0.127347216,0.8,1.4,0.3654,1.55,-0.77,-0.7,6
0.6,0.877,-0.06,-0.1,-0.127347216,0.7,2.9,0.556,-0.2,-0.65,-0.9,5
0.7,0.24,-0.01,-0.1,-0.127347216,0.7,3,0.56661,-0.26,-0.65,-0.9,5
-0.2,-0.7,0.1,-0.5,1.464,-1.4,-0.1,0.2913,-0.1,1.53,-0.8,6
-0.2,-0.7,0.1,-0.5,1.464,-1.3,0,0.275385618,0,1.47,-0.8,6
-0.6,2.6,-1.4,0.4,0.297,-0.8,-0.9,-0.471216054,0.77,-1.18,-0.4,5
-0.8,1.323,-0.47,-0.1,3.29,-1,0,-0.333544824,0.6,-0.4,-0.1,6
-0.8,0.598,-0.52,-0.1,3.247354011,-0.9,-0.9,-0.3441,0.6,-0.41,-0.1,6
0,-0.55,0.1,0.6,-0.191,-0.8,-0.4,0.598383504,0.32,-0.29,0.1,5
-0.7,-0.04,-1.24,0.1,-0.255,0.5,1.4,0.3707,1.2,-0.4,-0.6,5
-0.8,0.24,-1.4,-0.4,2.16,-0.4,0,0.005338204,0,-0.4,-0.9,6
-1.1,-0.38,-0.67,-0.1,0.552,-0.7,-0.3,0.301860854,2.26,-0.06,-0.6,5
0.4,1.63,-1.13,-0.1,-0.149,1,1.5,0.736054734,0.32,-0.77,-0.4,5
-1.1,-0.38,-0.67,-0.1,0.552,-0.7,-0.3,0.301860854,2.26,-0.06,-0.6,5
-0.7,0.35,-1.34,0,-0.233,0.4,1.2,0.37599,1.55,-0.41,-0.6,5
0.9,-0.99,0.71,-0.1,-0.106,-0.5,0.4,0.7678,-0.65,-0.9,-0.8,5
0.9,-0.99,0.71,-0.1,-0.106,-0.5,0.4,0.7678,-0.65,-0.9,-0.8,5
1,0.18,-0.16,-0.2,-0.191,0.3,0.3,1.2444,-0.85,-0.59,-0.3,6
1,0.18,-0.16,-0.2,-0.191,0.3,0.3,1.2444,-0.85,-0.59,-0.3,6
0.2,0.57,-0.52,0.3,0.233,0.5,2.2,0.662,-1.43,-0.83,-1,5
-0.5,-0.88,0.82,0.1,-0.127347216,0.2,1.1,0.17478,0.13,0.12,-0.7,6
0.3,0.63,-0.52,0.3,-0.085,0.9,2.5,0.75723,-0.52,-0.71,-0.8,5
-0.7,0.46,-1.29,0,-0.149,0.1,1.2,0.3707,1.1,-0.4,-0.7,6
-0.4,0.4,-1.4,0.1,-0.7,-0.8,-1,-0.19058,0.45,-0.59,0.4,5
1.1,-1.44,1.38,-0.1,-0.488,-0.8,-0.6,-0.76244,-0.91,-0.77,2,6
1.5,2.02,0.1,0.1,0.934,-0.8,0.4,0.587793409,-2.08,3.06,-0.2,5
0.2,-0.38,0.2,0,0.807,0.8,0.5,0.37599,-1.4,0.47,-0.8,5
0.6,-0.88,0.87,-0.6,-1.061,0.5,-0.1,-0.78892,-0.46,0.88,0.4,7
0.6,-0.2,0.35,0.8,-0.127347216,-1,-1,1.0326,-0.13,-0.83,0.3,6
0.6,-0.2,0.35,0.8,-0.127347216,-1,-1,1.0326,-0.13,-0.83,0.3,6
-0.6,0.46,-0.98,1.1,-0.127347216,1,1.9,-0.17999,-0.39,-0.88,-0.9,5
0.2,0.12,-0.93,0.6,-0.424,-0.7,-0.9,0.31775,-0.52,-1.3,-0.4,5
-1.9,0.319,-1.4,-0.6,-0.933879585,-0.2,1.2,-2.17622,1.62,1.65,2.3,7
-0.4,0.18,-0.98,0,0.552,-0.2,0,0.1854,-0.46,0,-0.8,6
0.1,-0.04,-0.26,0.1,-0.085,-1.1,-0.9,0.03711,-0.33,-0.53,-0.5,6
-0.1,-1.38,0.7,-0.1,-0.764083297,-1.1,-1.1,-1.68908,0.13,0.2,2.3,7
0.1,-1.55,0.61,-0.4,-0.997553193,-1.1,-1.1,-1.530225517,-0.26,0.29,2,7
-0.1,-1.38,0.7,-0.1,-0.764083297,-1.1,-1.1,-1.68908,0.13,0.2,2.3,7
-0.5,0.01,-0.78,-0.4,1.634,-1.1,-1,0.14301,-0.33,1.18,-1.1,5
-0.4,-0.27,0.2,0.2,-0.38,-1.1,-1,0.095354009,-0.59,-0.65,-0.1,6
-0.6,-0.21,-0.9,0.1,-0.424,-1.1,-1,-0.59829719,-0.1,-1.12,0.1,5
2.7,-0.2,1.43,0.2,-0.339592576,-0.8,-0.7,1.784474103,-1.43,0.12,0.5,6
1.5,-0.43,0.3,0,0.233,0.4,-0.3,0.75723,-0.46,0.29,0.4,5
-0.8,-0.77,-0.16,-0.3,0.297,-1.1,-1.2,-1.127801921,0.84,-0.47,0.9,4
2.5,-0.66,1.38,0.2,0.31836804,0.3,-0.2,1.39794,-0.65,0.59,0.8,6
1.5,-0.43,0.3,0,0.233,0.4,-0.3,0.75723,-0.46,0.29,0.4,5
0.9,-0.1,-0.42,0.5,-0.149,-0.7,-0.5,0.8737,-0.52,-0.47,0.1,6
1.5,-1.33,0.76,-0.6,-0.085,0.3,-0.6,-0.68831,-0.2,0.41,1.4,6
-0.7,1.044,-1.4,-0.11,-0.361,0.5,0,-0.227643877,-0.13,-1.24,-0.9,5
0.5,0.74,-0.62,0.5,0.191020824,-0.7,0.4,1.59385,-0.2,-0.71,-0.8,5
-0.8,0.877,-1.4,-0.4,0.233,-0.7,-0.7,-0.365315108,0.19,-0.4,-0.7,5
-2,-0.6,-1.4,-0.3,-0.849,0,-0.1,-2.75868,2.59,0.47,3.4,7
-0.9,0.07,-0.72,-0.4,-0.255,-0.1,-0.3,0.2913,1.94,-0.12,-0.6,5
-0.9,0.07,-0.72,-0.4,-0.255,-0.1,-0.3,0.2913,1.94,-0.12,-0.6,5
-0.7,-0.27,0.05,0.2,-0.424,-0.9,-0.9,0.03711,-0.46,-0.77,-0.1,5
-0.7,-0.38,-0.67,0.2,-0.255,-0.1,-0.3,-0.27,0.32,-1,0.3,5
-0.5,-1.44,0.35,-0.1,-0.81,-1.1,-1.2,-0.8736,0.6,-0.12,0.6,7
-0.7,-0.38,-0.67,0.2,-0.255,-0.1,-0.3,-0.27,0.32,-1,0.3,5
-0.3,0.24,-0.93,-0.1,-0.488,1.7,0,-1.36607905,0.97,0.47,2.2,8
-1.4,0.46,-0.98,-0.3,-0.361,0,-0.7,-1.58317599,1.62,0.65,0.7,6
-0.5,0.877,-1.03,0,-0.636736081,-1,-1.1,-0.227643877,0.45,-0.65,0.5,4
-1.4,0.46,-0.98,-0.3,-0.361,0,-0.7,-1.58317599,1.62,0.65,0.7,6
1.2,-0.49,0.76,-0.7,1.21,1.7,0,0.831365586,0.45,1.18,-0.5,3
1.9,-0.32,0.87,-0.6,1.252,1.9,0.1,0.85255,0.45,1.18,-0.5,4
0.3,0.877,-0.06,-0.6,0,0,-0.7,0.100649056,0.06,-1.12,-0.9,5
-0.4,0.765,-0.9,-0.7,-0.467,1.1,0.3,-0.10586,0.51,-0.88,-1,5
-0.9,-1.38,0.05,-0.1,-1.613,1.9,1.6,-3.23523,-0.33,-1.59,1.2,7
-0.9,-1.38,0.05,-0.1,-1.613,1.9,1.6,-3.23523,-0.33,-1.59,1.2,7
1.1,-1.22,0.4,-0.6,-0.276,-0.7,-0.6,-0.01584,-0.46,1,0.8,7
-1.4,-0.2,-1.19,-0.2,0.085,-0.3,-0.6,-0.148218168,0.97,-1.12,-0.4,5
1.6,-0.6,1.02,0.11,-0.064,-0.7,-0.4,0.32304,-0.46,0.65,1.6,7
-1,0.74,-1.4,0.4,0.573,0.5,-0.5,-0.24353,0.9,-0.18,-0.1,5
1.4,-0.2,0.92,0.1,0.657960617,1.7,0.7,0.17478,-0.52,0.35,0.5,6
-0.7,0.877,0.4,-0.4,0,-0.7,1.4,-0.2382,-0.2,-0.24,-0.9,5
0.9,-1.55,0.97,-0.6,-0.552,1,-0.1,-0.45,-0.85,1,0.2,6
-1.1,0.63,-0.31,-0.5,-0.149,-0.2,-0.5,0.07417382,1.81,0,-0.6,5
-1.1,0.63,-0.31,-0.5,-0.149,-0.2,-0.5,0.07417382,1.81,0,-0.6,5
-0.5,0.85,-0.57,-0.5,-0.212,-0.4,-0.2,0.5031,1.2,0.2,-0.5,6
-1.1,0.63,-0.31,-0.5,-0.149,-0.2,-0.5,0.07417382,1.81,0,-0.6,5
-1.1,0.57,-0.31,-0.6,-0.17,-0.4,-0.4,0.07417382,1.75,0,-0.6,5
0.6,-0.55,0.87,-0.4,-0.064,-0.7,-0.7,0.17478,-0.2,-0.65,-0.8,5
0.6,-0.55,0.87,-0.4,-0.064,-0.7,-0.7,0.17478,-0.2,-0.65,-0.8,5
-0.2,-0.6,0.25,0,-0.17,1,2.3,0.667219119,-0.59,2.42,-0.7,5
0.6,-0.94,0.61,-0.7,-0.17,2.4,0.3,-0.121742931,1.03,0.41,0.5,6
0.6,-0.94,0.61,-0.7,-0.17,2.4,0.3,-0.121742931,1.03,0.41,0.5,6
-0.4,1.156,-1.29,0,-0.361,-0.6,-1,-0.725378325,1.29,0.29,1.2,7
0.6,-0.94,0.61,-0.7,-0.17,2.4,0.3,-0.121742931,1.03,0.41,0.5,6
-0.1,-1.5,0.35,0,-0.318,0,0,-0.428855675,0.6,0.71,0.8,7
2,-1.38,1.02,-0.6,-0.721634225,0.1,-0.4,0.058288678,-1.04,0.06,0.2,7
-0.9,0.18,-0.26,-0.5,-0.297143504,-0.1,-0.7,-1.254883057,0.6,0.94,0.8,6
-0.6,0.51,-1.08,0.1,-0.233,-0.1,1.2,0.37599,1.29,-0.71,-0.8,5
-1.5,2.69,2,-0.4,-1.04,-0.1,1.3,-1.683781889,2.26,-0.4,1,6
-0.5,-0.6,0.25,0.1,-0.446,-0.8,-0.7,-0.248824067,-0.46,-1.3,0,5
-0.6,0.51,-1.08,0,-0.212,0.1,1.1,0.37599,1.29,-0.77,-0.7,5
-0.6,0.51,-1.08,0.1,-0.233,-0.1,1.2,0.37599,1.29,-0.71,-0.8,5
-0.6,0.598,-1.03,0.1,-0.233,0,1.2,0.386581611,1.29,-0.71,-0.7,5
-0.9,-0.21,-0.26,-0.1,-0.361,-0.3,-0.7,-1.254883057,0.64,1,0.8,6
-0.8,-0.1,-0.21,-0.4,-0.339592576,-0.3,-0.7,-1.254883057,0.6,1.06,0.8,6
-0.9,0.18,-0.26,-0.5,-0.297143504,-0.1,-0.7,-1.254883057,0.6,0.94,0.8,6
-0.4,0.57,-1.24,-0.4,-0.17,1.1,-0.1,-0.513576433,0.84,-0.12,0.5,6
-0.4,1.044,-1.34,-0.3,-0.509,1.5,-0.1,-1.60965,0.64,-0.53,1.3,6
-0.8,0.18,-1.24,-0.7,-0.042,1.9,0,-0.810099082,1.42,-0.53,0.2,5
-0.6,-0.99,-0.16,-0.4,-0.446,1.2,0,-0.524166527,0.77,-0.71,-0.4,4
0.5,-1.77,0.51,-0.6,-0.446,-0.9,-1.1,-0.651247663,-0.52,-0.47,0.7,7
1.2,-0.83,0.97,-0.3,0.339592576,-0.9,-1.1,-0.0582,-1.24,-0.06,1.3,7
0.3,-1.22,0.7,0.2,0.446,-0.8,-0.9,-0.322954729,0,0.77,1.3,7
-0.7,-0.32,-1.4,-0.2,-0.446,-0.8,-1,-0.836574319,0.6,-0.47,0.5,4
-0.4,1.044,-1.34,-0.3,-0.509,1.5,-0.1,-1.60965,0.64,-0.53,1.3,6
0.3,0.46,-0.42,1.1,0.127,1.4,0.7,0.59309,-0.59,-0.9,-0.4,6
-0.6,0.4,-1.19,0,-0.255,0.2,1.3,0.3707,1.42,-0.65,-0.8,5
0.5,0.18,-0.47,-0.6,-0.212,-0.6,-0.8,-0.524166527,-1.04,-1,-0.5,5
-0.4,1.044,-1.4,-0.3,-0.424,1.4,-0.3,-0.751853562,1.1,-0.06,0.9,6
0.1,-1.22,0.1,0.4,2.249800818,-0.2,-0.6,-0.73597,-0.59,0.71,1.5,6
-0.6,0.4,-1.19,0,-0.255,0.2,1.3,0.3707,1.42,-0.65,-0.8,5
0.3,0.46,-0.42,1.1,0.127,1.4,0.7,0.59309,-0.59,-0.9,-0.4,6
0.4,1.24,-0.67,0,-0.042,-0.7,-0.5,0.78901,0.19,-0.12,0.1,5
0.4,1.5,-0.78,-0.1,-0.106,-0.7,-0.6,0.85255,0.13,-0.06,0,6
1.4,-0.04,0.56,0.1,-0.467,1.3,0.3,-0.51887,-1.04,0.77,1.6,7
-0.9,0.24,-1.4,0,-0.339592576,1.6,0.5,-0.974245549,0.77,-0.59,0.8,6
1.4,2.1,0.35,2.9,0.509388864,0.7,1.6,3.2512,-0.59,0.12,-1,5
-0.6,-1.05,-0.16,-0.4,-0.361,1.4,0.2,-0.524166527,0.84,-0.47,-0.3,5
-0.6,0.74,-1.24,-0.1,-0.212,0,1.2,0.360106375,1.42,-0.53,-0.7,5
1.1,-0.43,-0.21,-0.4,-0.127347216,-0.6,-0.9,0.52425,-0.59,-0.06,-1,6
-0.6,0.74,-1.24,-0.1,-0.212,0,1.2,0.360106375,1.42,-0.53,-0.7,5
-0.6,0.57,-1.24,-0.2,-0.17,0.1,1.3,0.3707,1.42,-0.47,-0.6,6
-0.7,0.35,-1.34,-0.1,-0.17,1.1,-0.1,-0.6618,0.71,-0.47,0.3,6
0,-1.22,0.61,-0.1,-0.212,0.1,-0.1,-1.22311,0,0.65,2,7
-0.7,0.35,-1.34,-0.1,-0.17,1.1,-0.1,-0.6618,0.71,-0.47,0.3,6
0,-1.22,0.61,-0.1,-0.212,0.1,-0.1,-1.22311,0,0.65,2,7
0,2.75,-1.29,0.6,-0.085,-0.9,-1.1,1.14907,1.1,-1,0.6,3
0.4,-1.22,0.46,0.1,-0.679185153,-0.6,-0.2,-0.59829719,0.6,0.18,1.3,5
-0.5,0.598,-0.9,-0.1,-0.17,0,-0.4,0.32304,1.75,0.18,0.4,7
-0.5,0.598,-0.9,-0.1,-0.17,0,-0.4,0.32304,1.75,0.18,0.4,7
-0.9,0.35,-1.08,2.5,-0.59,-0.5,-0.9,-0.2912,0.64,-0.41,0.4,7
-0.9,0.35,-1.08,2.5,-0.59,-0.5,-0.9,-0.2912,0.64,-0.41,0.4,7
0.5,0.29,-0.4,0.4,-0.149,-0.1,2.1,0.662,-0.52,-0.41,-0.8,5
-0.6,0.07,-0.01,0.1,-0.085,-0.4,1,-0.1853,0.51,0.29,0.6,5
-1.3,0.18,-1.4,-0.2,-0.191,-0.9,-1.1,-1.0325,1.81,-0.71,1,6
-0.5,-0.04,-0.72,-0.1,-0.212,1.7,0.4,-0.778328798,0.77,-0.41,0.4,6
-0.6,-1.244,0.61,-0.9,-0.615511545,-0.8,-1.1,-1.82145,-0.13,-0.83,1,6
0.6,-0.83,1.07,0.9,0.934,-1.2,-1.1,-0.51887,-0.52,-0.53,2.6,6
0.5,-1.38,0.97,4.6,0.552,-1.2,-1.1,1.196723851,-0.85,-0.4,0.5,6
1,-0.38,0.87,0.3,-0.488,-1.1,-1.2,-0.00525,0.13,-0.24,1.7,6
0.6,-0.742,0.97,1.5,0.127,-1.2,-1.1,-0.19058,-0.26,-0.12,1.7,7
-0.6,-1.244,0.61,-0.9,-0.615511545,-0.8,-1.1,-1.82145,-0.13,-0.83,1,6
0.2,-1.188,0.7,-0.2,-0.191,-1.2,-1.2,-0.863049555,-0.26,0.06,1.4,6
-1.8,1.044,-0.42,-0.7,1.549,-0.8,0.5,-1.48257,2,-0.29,0.6,5
-0.9,-0.66,0.2,4.5,-0.085,1,0,0.78901,0.45,-0.12,-0.3,6
0.1,-0.94,0.25,-0.2,-0.149,1.6,1,-0.1853,-0.1,0.35,0.6,6
0.1,0.51,-0.78,-0.5,-0.339592576,2.1,0,-0.905409934,0.45,1.36,1.3,6
0.8,-0.66,0.51,-0.1,0.064,-0.6,-0.7,0.587793409,-0.46,-0.59,0.1,5
0.1,-0.94,0.25,-0.2,-0.149,1.6,1,-0.1853,-0.1,0.35,0.6,6
0.1,0.51,-0.78,-0.5,-0.339592576,2.1,0,-0.905409934,0.45,1.36,1.3,6
-0.9,-0.66,0.2,4.5,-0.085,1,0,0.78901,0.45,-0.12,-0.3,6
0.2,-0.32,-0.01,-0.1,-0.7,-0.2,-0.6,-0.84187,-0.85,0.8,0.8,5
0.2,-1.72,0.46,-0.4,-0.509,3.6,0.9,-0.375905202,1.03,1.24,0.6,7
0.6,-1.61,0.3,-0.1,-0.573,3.5,0.8,0.587793409,1.03,1.4,-0.2,6
0.1,0.79,-0.42,-0.2,0.10612268,-0.5,0.9,0.32304,-0.7,-0.41,-1.1,4
0.2,-0.32,-0.01,-0.1,-0.7,-0.2,-0.6,-0.84187,-0.85,0.8,0.8,5
0.2,-1.1,0.56,0.6,-0.531,-0.6,-0.8,-1.096031637,-0.1,0.41,1.5,7
-1,0.46,-1.34,-0.4,-0.17,-0.7,-0.7,0.37599,2.46,0.41,0.1,5
-0.5,0.46,-1.34,-0.4,-0.297143504,-0.3,-0.3,0.386581611,1.1,-0.06,-0.6,5
-0.4,-0.7,0.1,-0.4,-0.212,1.3,0.6,0.1854,0.9,-0.41,-0.8,6
-0.5,0.46,-1.34,-0.4,-0.297143504,-0.3,-0.3,0.386581611,1.1,-0.06,-0.6,5
-1,0.46,-1.34,-0.4,-0.17,-0.7,-0.7,0.37599,2.46,0.41,0.1,5
0.3,-1.3,0.56,-0.1,-0.59,0.3,0.8,-0.698903089,0.51,0.35,1.3,6
0.3,-1.3,0.56,-0.1,-0.59,0.3,0.8,-0.698903089,0.51,0.35,1.3,6
2.2,0.57,1.2,-0.8,-0.361,-0.9,-0.6,0.614268646,-1.56,-0.4,0,4
-0.6,-0.83,0.56,0.2,-0.424,0.7,-0.1,-1.68908,0.19,0.35,2.3,7
-1.2,-0.38,-0.52,-0.6,-0.318,-0.8,-1.1,-1.32372,1.94,-0.71,0.9,5
0.8,-1.1,1.28,-0.2,-0.297143504,-0.3,-0.7,-0.878934697,0.32,0.59,1.9,7
0.9,-1.44,1.12,1.8,-0.127347216,-0.7,-0.9,-1.01131,-0.78,-0.83,2,7
1.1,-0.55,0.7,0.1,0.085,-0.3,0.2,0.84196,-0.59,-0.12,-0.4,7
0.9,-0.2,0.35,-0.1,0.127,-0.6,0,1.00081,-0.46,-0.4,-0.7,7
0,-1.3,1.12,0.9,0.04,-0.5,-0.7,-0.93718,-0.26,-0.12,1.6,7
1.1,-0.49,0.76,-0.4,-0.361,-0.8,-0.8,-0.57712,-1.11,0.77,0.7,7
1.1,-0.49,1.58,1.1,0.085,-0.5,-0.7,0.3707,-0.13,1.94,1.5,7
0,-1.38,1.07,-0.3,0.10612268,-0.9,-1,-1.41373,-0.33,-0.24,1.9,7
0.4,-2.28,0.92,-0.5,-0.276,-0.6,-0.8,-0.651247663,0.64,0.59,1.4,7
0.4,-2.28,0.92,-0.5,-0.276,-0.6,-0.8,-0.651247663,0.64,0.59,1.4,7
0.4,-2.28,0.92,-0.5,-0.276,-0.6,-0.8,-0.651247663,0.64,0.59,1.4,7
0,-1.38,1.07,-0.3,0.10612268,-0.9,-1,-1.41373,-0.33,-0.24,1.9,7
-0.1,-1.22,0.7,-0.2,-0.636736081,-0.9,-1.1,-0.73597,0,0.12,0.8,7
1.1,-1.05,1.07,-0.3,-0.764083297,-1,-1.1,-1.148982111,-0.7,0.18,1.6,7
-0.4,-0.55,0.7,0.1,-0.127347216,-0.9,-1.1,-0.725378325,0.84,-0.71,1.7,6
0.1,-1.77,1.28,-0.4,0.04,-0.7,-0.7,-0.14292312,0.32,0.06,0,5
0.4,-0.94,1.28,-0.3,0.488,-1,-1.1,-0.566526906,0,-0.24,0.8,6
0.7,-0.88,1.28,-0.4,0,-0.4,0.1,-0.32825,-0.13,-0.47,0.7,6
-1.1,0.24,-0.78,-0.1,0.68,0.9,-0.3,-0.82598,1.03,0.29,0.8,7
-0.2,0.35,-1.13,-0.4,0.021224536,-0.4,-0.4,0.31775,0.32,-0.29,-0.4,5
0.1,-0.32,-0.01,-0.4,-0.636736081,0.2,-0.3,-0.83128,-0.98,1.12,0.7,6
-0.7,0.18,-0.67,-0.6,-0.212,-0.8,-0.9,-0.43945,-0.26,-0.24,-1,5
-1,0.24,-1.29,-0.3,0.573,-0.9,-0.9,-0.11115,0.45,0.18,-0.8,5
0.3,-1.44,0.61,-0.4,0.3,0.4,-0.6,-0.68302,-1.04,0.18,0.8,6
0.1,-0.32,-0.01,-0.4,-0.636736081,0.2,-0.3,-0.83128,-0.98,1.12,0.7,6
0,-1.05,0.7,-0.1,-0.488,0.8,0,-0.64066,0.19,1.18,0.6,6
0.4,-0.83,0.71,-0.1,0.31836804,-0.9,-1.1,-0.375905202,-1.17,-0.47,1.4,7
0.1,0.74,-0.4,-0.3,0.191020824,0.7,2,0.307155901,-1.17,-1.06,-1.1,5
0.4,-0.7,0.82,-0.1,-0.424,1.3,0,-1.2972,-0.7,-0.4,1.7,6
-0.9,0.18,-0.93,0.3,-0.191,-0.8,-0.7,-0.03173,0.97,-0.29,-0.2,5
1.2,-1.5,1.07,-0.4,-0.467,-0.9,-1.1,0.2595,0.13,1.24,0.5,6
1.2,-1.5,1.07,-0.4,-0.467,-0.9,-1.1,0.2595,0.13,1.24,0.5,6
1.1,-0.83,1.2,-0.1,0.339592576,-0.9,-1,-0.169398357,-0.59,-0.06,1.1,7
0.1,-1.05,0.87,-0.6,-0.191,-0.9,-1,-0.37061,1.36,-0.18,0.3,5
0.3,-1.1,0.71,2.4,-0.318,-0.8,-1,-0.089972647,-0.1,-0.24,1.6,7
-0.6,-0.66,0.1,-0.3,-0.106,1.8,0.8,0.132,0.84,-0.83,-0.9,5
-0.6,-0.66,0.1,-0.3,-0.106,1.8,0.8,0.132,0.84,-0.83,-0.9,5
0.1,0.35,0.1,0.1,0.446,1.5,2.2,0.667219119,-1.04,-0.9,-1.2,5
-0.8,-0.7,0.25,0.8,-0.573,-0.7,-0.5,-1.37137,-0.2,-1,0.8,7
2.3,-0.43,1.12,-0.8,-0.276,-1.2,-1.2,0.0795,-1.17,-0.18,0,5
0.5,-0.2,0.1,-0.4,-0.488,-0.7,-0.9,0.52425,0.06,0.29,0.1,6
0.7,1.85,-0.06,-0.4,-0.191,-0.3,-0.6,0.195959908,-0.39,-0.24,-0.4,5
-0.6,-0.04,0.25,-0.3,-0.38,3.4,0.7,-1.36078,0.19,0.94,2.3,6
0.5,-0.2,0.1,-0.4,-0.488,-0.7,-0.9,0.52425,0.06,0.29,0.1,6
2.3,-0.43,1.12,-0.8,-0.276,-1.2,-1.2,0.0795,-1.17,-0.18,0,5
-0.5,0.29,-1.4,-0.4,-0.509,-0.8,-1.1,-0.59829719,0.9,-0.47,0.8,6
0.9,-1.05,0.61,-0.8,-0.467,-1.2,-1.2,-1.0854,-0.78,-0.65,0.9,7
-0.7,-0.94,0.1,-0.6,-0.17,1.8,0.7,0.095354009,0.84,-0.9,-0.9,5
-0.4,-0.77,-0.78,-0.6,0.191020824,0.3,-0.6,-0.418265581,-0.98,-1,-0.9,5
0.8,-1.3,0.7,-0.7,-0.318,-0.2,-0.8,-0.63007,-1.11,-0.88,0.5,6
-0.4,-0.77,-0.78,-0.6,0.191020824,0.3,-0.6,-0.418265581,-0.98,-1,-0.9,5
-0.7,-1.05,0.05,-0.4,-0.127347216,1.5,0.7,0.100649056,0.9,-1.06,-0.9,5
-1.1,-0.7,-0.9,-0.4,-0.255,1.4,0,-0.64066,0.32,-1.06,-0.9,6
-0.7,-1.05,0.05,-0.4,-0.127347216,1.5,0.7,0.100649056,0.9,-1.06,-0.9,5
1,-0.99,0.92,0,0.085,0.4,1.3,1.28674,-1.04,-1.36,-0.9,5
-0.4,0.4,-1.08,-0.4,-0.191,0.3,-0.2,0.11653,0.51,-0.24,-0.3,6
-1.6,0.74,-1.4,-0.2,-0.021,-1.2,-1.1,-1.572585896,2.59,-0.18,2.3,7
-1.6,0.74,-1.4,-0.2,-0.021,-1.2,-1.1,-1.572585896,2.59,-0.18,2.3,7
0.4,1.74,0.35,-0.8,-0.81,-1.1,-1.1,-0.64066,-1.24,-1.06,-1.2,6
-1.1,0.9,-1.4,-0.6,-0.7,-0.8,-1,-2.716316116,1.03,-0.77,2.3,6
-0.5,-0.55,0.1,-0.2,-0.552,-0.9,-1,-0.95307,0.84,0.35,1,7
0.9,-0.99,0.56,-0.7,-0.636736081,1.5,0,0.005338204,-0.33,0.94,0.2,7
0.5,-1.33,0.3,-0.32,-0.531,-0.3,-0.6,-0.84187,-0.33,1.06,1.2,7
-0.9,-0.94,0.25,-0.5,-0.446,-1.1,-1.2,-2.0915,0.32,-0.65,2.3,7
-0.1,-0.55,0.1,-0.6,-0.149,1.1,0,-0.3812,-0.39,-0.71,-0.1,5
-0.9,-0.94,0.25,-0.5,-0.446,-1.1,-1.2,-2.0915,0.32,-0.65,2.3,7
0.5,-1.33,0.3,-0.32,-0.531,-0.3,-0.6,-0.84187,-0.33,1.06,1.2,7
0.5,-1.3,0.35,-0.4,-0.509,-0.4,-0.7,-0.84187,-0.33,1.06,1.2,7
0.4,-0.99,0.7,0.8,0.47,-0.4,-0.7,-0.66713,-0.52,0.2,1.5,7
0.8,-0.2,0.46,0.2,0.594287009,1,0.3,0.248910381,-0.85,0.12,0.5,5
0.4,-1.38,0.92,-0.6,-0.446,-0.8,-1,-1.69967,-0.39,-0.65,1.8,7
0.4,-1.16,0.2,-0.4,0,-0.4,-0.8,-0.5559,-0.91,-0.65,0,6
-0.4,2.663,-0.62,-0.3,0.297,-0.5,-0.4,-0.375905202,-0.52,-1.06,-0.4,5
-0.5,1.02,-1.4,-0.6,0.085,0.6,-0.5,-0.21176,0.45,-0.47,-0.4,6
-0.2,0.29,-0.57,-0.4,0.68,-1.2,-1.2,-1.17016,-0.59,-0.47,0.8,6
1.3,-0.77,0.97,-0.2,-0.276,-0.2,-0.6,-0.40768,-1.62,1.06,0.9,6
0.4,-0.83,0.7,-0.2,-0.424,-0.4,-0.6,-1.000720786,-0.26,0.53,2.1,7
-0.2,-1.94,0.51,-1.1,-0.828,1.9,1.9,-3.53704845,-2.73,-1.3,2.2,6
-0.2,-1.94,0.51,-1.1,-0.828,1.9,1.9,-3.53704845,-2.73,-1.3,2.2,6
-0.8,-0.2,-0.67,-0.5,-0.212,-0.6,-0.7,-0.20646,1.42,-0.29,0,5
1.8,-0.94,2,-0.1,0.742858761,-1.2,-1.2,-0.174693404,-0.7,-0.77,1.4,6
1.8,-0.94,2,-0.1,0.742858761,-1.2,-1.2,-0.174693404,-0.7,-0.77,1.4,6
-0.8,-0.1,-0.93,-0.3,-0.552,-1.1,-1.1,-0.48181,0.25,-0.71,0.1,5
-0.1,-1.16,0.76,-0.1,0.212,-1.2,-1.1,-0.894819839,-0.26,-0.65,1.8,6
-0.4,0.29,-1.34,-0.5,0,-0.4,-0.9,-0.566526906,0.06,-0.59,0.1,7
0.2,1.69,-1.4,0.2,0.149,0.1,-0.1,0.778415113,0.13,-0.4,0,6
-0.2,-1.22,0.25,-0.4,-0.467,-0.2,-0.3,-1.64672,0.64,-0.59,2.1,6
-1.1,1.491,-1.4,-0.2,-0.488,1.2,0.2,-1.572585896,1.16,-0.83,1.1,5
-0.6,-1.05,-0.31,0,-0.276,2.4,0.7,-0.471216054,0.38,-0.71,-0.3,6
-0.4,0.29,-1.34,-0.5,0,-0.4,-0.9,-0.566526906,0.06,-0.59,0.1,7
-0.7,0.35,-1.4,-0.3,0.064,-0.7,-1,-0.990130691,0.71,-0.65,1,7
-0.6,0.12,-1.34,-0.5,0.10612268,-0.7,-1,-0.852459461,0.25,-0.47,0.6,7
-0.1,1.63,-1.4,1.1,0.149,-1,-1,0.94786,0.32,-0.77,-0.8,5
-0.5,0.24,-0.98,0.1,0.021224536,-0.2,-0.6,-0.43945,-0.1,-0.41,0,6
0.4,1.212,-0.47,0,-0.233,-0.1,0,0.33893,-0.7,-1.12,-0.7,6
1.1,-0.88,0.35,-0.1,-0.064,-1,-0.9,0.042403536,-0.91,-0.06,0.2,7
-0.4,-1.22,0.35,0,-0.127347216,1,-0.3,-1.68908,-0.59,-0.41,2,7
-0.6,2.13,-0.9,-0.5,-0.297143504,0.4,0.3,-0.01584,0.25,-0.59,-1.1,5
0.2,-0.66,0.71,2.6,-0.212,0.9,-0.1,-0.7677,-0.46,0.65,2.1,7
0.4,-0.2,-0.31,-0.2,0,0.5,-0.2,0.09006,0.13,1,0.7,6
-0.5,2.44,-1.4,-0.2,0,0,-0.4,0.42894,1.75,0.06,-0.2,5
-0.8,-0.21,-0.42,-0.6,-0.191,-0.3,-0.6,-0.677722899,0.45,-0.12,-0.6,6
0.4,-0.2,-0.31,-0.2,0,0.5,-0.2,0.09006,0.13,1,0.7,6
0.7,-0.77,0.71,4.5,-0.403,0.2,-0.2,0.97433,-0.13,0.88,0.5,7
-1.1,-0.77,0.3,0.6,-0.891,-0.4,0.2,-2.01736987,0.32,-0.24,1.7,6
-0.8,-0.49,-1.4,-0.8,-0.38,1.6,-0.3,-1.254883057,0.06,-0.47,0.9,6
-0.4,1.41,-1.4,-0.6,-0.255,1.6,0,-0.333544824,0,-0.24,0.3,6
-0.7,-0.55,-0.52,-0.5,-0.127347216,1.1,0.1,-0.21705,1.16,-0.12,0,5
0.6,-0.21,0.46,-0.6,-0.149,-1.2,-1,0.14301,-0.26,0.71,0.5,6
0.6,-0.2,0.46,-0.5,-0.085,-0.9,-0.9,0.153599529,-0.26,0.65,0.4,6
-0.7,-0.55,-0.52,-0.5,-0.127347216,1.1,0.1,-0.21705,1.16,-0.12,0,5
0.1,-0.38,1.64,-0.8,6.919,0,0,0.14301,-1.82,4.01,-1.1,5
-1.6,0.43,-1.13,-0.1,-0.318,0.3,-0.7,-2.207991574,1.62,-0.65,2.3,5
0,-1.1,0.76,-0.1,-0.38,-0.7,-0.8,-1.31842,0.45,0.65,2.2,7
-0.1,0.63,-0.01,-0.4,0.149,-1,0.9,0.381286564,-1.17,-0.24,-1.2,6
-0.1,0.63,-0.01,-0.4,0.149,-1,0.9,0.381286564,-1.17,-0.24,-1.2,6
0.4,-0.27,1.33,1.1,0.275918968,-1.2,-1.1,-0.471216054,-0.65,-0.41,1.6,7
-0.4,-0.6,-0.11,1,0.339592576,1.2,1.3,0.5772,-1.04,-0.53,-1.2,5
0.9,0.01,1.53,-0.1,0.10612268,1.4,0.2,0.1854,-0.78,0.59,1.1,7
0.4,-0.27,1.33,1.1,0.275918968,-1.2,-1.1,-0.471216054,-0.65,-0.41,1.6,7
1.9,-1.66,1.53,-0.5,-0.297143504,-1.2,-1.2,0.7149,-1.11,0.2,-0.5,6
0.5,-0.7,1.2,-0.5,-0.361,-0.8,-0.9,-1.127801921,-0.65,0.18,2,8
-0.2,-0.83,0.87,-0.4,0.212,-0.9,-1,-0.6089,-0.1,-0.12,0.9,6
1.1,-1.33,1.94,-0.1,-0.276,-0.9,-0.9,-0.58241,-0.59,-0.18,1.3,6
-0.1,1.18,-0.93,-0.4,-0.446,-1,-1.1,-1.36078,-0.2,-0.53,1.3,6
-0.4,0.46,-0.47,-0.1,-0.106,-0.9,-0.8,-0.2382,-0.13,-0.4,-0.2,6
-1,-0.04,-0.98,-0.1,-0.38,-0.3,-0.6,-1.678486842,0.6,0.35,2,7
1.6,-1.22,1.33,-0.2,-0.59,-1.2,-1.1,-0.54535,-1.88,1,0.5,7
1.6,-1.22,1.33,-0.2,-0.59,-1.2,-1.1,-0.54535,-1.88,1,0.5,7
-0.2,0.51,0.4,0.2,-0.042,1.2,0.2,0.132,0,-0.24,0.4,5
0.6,-1.1,0.92,-0.7,-0.658,0.3,-0.3,-0.93718,-0.85,1.36,0.7,7
-0.5,1.35,-0.4,4,0.212,1.4,1.4,1.14907,-0.7,-0.47,-1.1,5
-0.6,-0.99,-0.06,-0.5,-0.106,1.6,0.9,0.0265,0.6,-0.47,-0.8,6
-0.2,0.51,0.3,0.1,0,0,-0.3,0.2383,0,-0.47,0.3,6
-0.5,1.35,-0.4,4,0.212,1.4,1.4,1.14907,-0.7,-0.47,-1.1,5
0.5,-1.55,0.35,-0.4,-0.361,2.8,0.6,0.49778,0.84,1.18,-0.2,7
0.9,-1.16,1.48,-0.4,-0.318,-1.2,-1.2,-0.74656,-1.04,0.41,0.9,6
0.2,-0.88,1.94,2.8,-0.17,-1.2,-1.2,0.751939876,-0.26,-0.47,0.6,5
0.2,-0.88,1.94,2.8,-0.17,-1.2,-1.2,0.751939876,-0.26,-0.47,0.6,5
-0.2,-1.3,2.1,4.1,-0.81,2.1,7,-1.90088,-1.95,-0.88,1.8,7
1.2,-1.44,1.48,-0.8,-0.87,-1.2,-1.2,-1.08015,-0.98,-0.88,1.3,6
-0.2,-1.3,2.1,4.1,-0.81,2.1,7.4,-1.90088,-1.95,-0.88,1.8,7
-0.6,-0.83,0.1,-0.5,-0.318,1.5,0.7,0.05299,0.71,-0.41,-0.8,6
0.2,-0.6,0.92,-0.1,-0.339592576,1.6,0.4,-0.307069587,0.13,0.65,1.5,6
-0.6,-0.83,0.1,-0.5,-0.318,1.5,0.7,0.05299,0.71,-0.41,-0.8,6
-0.9,-0.27,-0.98,-0.5,-0.297143504,2.3,0.5,-0.77303,-1.24,-1,-0.8,5
0.1,-1.05,0.7,1.6,-0.7,-1.2,-1.1,0.333631138,0.45,0,1.1,7
-0.2,-1.89,0.76,-0.6,-0.658,0.2,-0.5,-1.456094855,-0.13,0.18,0.8,6
1.9,-0.66,1.38,-0.7,0.149,0.6,-0.2,0.31775,-1.88,0.59,-0.5,7
1.9,-0.66,1.38,-0.7,0.149,0.6,-0.2,0.31775,-1.88,0.59,-0.5,7
1,-1.5,1.38,-0.4,-0.106,2.5,0.8,-1.18605,-2.14,-0.18,1.3,8
-0.2,-1.05,0.76,-0.4,-0.042,-0.7,-0.8,-0.68302,0.25,-0.4,0.9,6
-0.8,0.07,-0.93,-0.4,-0.149,-0.6,-0.9,-1.03779,0.77,-0.41,1,6
0.5,-1.22,0.46,-0.2,-0.191,-0.5,-0.5,-0.31766,0.13,1.18,1.5,7
-1,1.1,-0.93,2.1,0.615511545,-0.7,-0.9,-0.10586,0.25,-1,0.4,6
0.6,-0.7,1.02,0,-0.021,-0.9,-0.8,0.51366,-1.04,-0.9,0.1,5
-1,1.1,-0.93,2.1,0.615511545,-0.7,-0.9,-0.10586,0.25,-1,0.4,6
0.2,-0.04,0.56,-0.7,0.17,-1,-0.9,-0.04761,-0.7,-0.83,-0.9,5
-0.2,-1.22,0.92,-0.3,2.71674061,-1,-0.9,-1.678486842,-1.04,0.88,2,7
0.2,-0.04,0.56,-0.7,0.17,-1,-0.9,-0.04761,-0.7,-0.83,-0.9,5
0.1,-1.05,0.76,-0.3,-0.339592576,0.7,-0.3,-1.49846,-1.3,0.71,1.9,6
-0.5,-0.21,-0.01,-0.3,-0.361,-0.2,-0.7,-1.519635423,0.25,-0.18,1.5,6
-1.3,-0.27,-0.93,-0.6,-0.212,0.2,-0.5,-1.44550476,0.9,-0.71,0.8,6
-0.5,-0.21,-0.01,-0.3,-0.361,-0.2,-0.7,-1.519635423,0.25,-0.18,1.5,6
-0.2,-0.27,0.35,-0.2,-0.318,0,-0.7,-1.6679,-0.2,0,1.9,6
-1.2,0.24,0.05,-0.3,-0.849,-0.3,0.1,-1.59377,0.64,-0.4,2.3,5
-0.1,-1.66,0.76,-0.4,-0.403,-0.7,-0.9,-1.58317599,-0.65,-0.71,1.8,6
0.5,-1.3,0.71,-0.4,-0.424,-0.6,-0.7,-0.8048,-0.26,1.12,1.2,7
-0.1,1.41,-0.9,0.6,0.04,-1.1,-1,0.95315,0.32,-1,-0.8,5
1.5,-0.32,0.82,-0.3,1.762,1.1,0.6,0.7678,-0.91,0.59,0.4,6
0,0.01,-1.4,-0.8,-0.38,-0.9,-1,-0.43415,-0.39,-0.12,-0.4,6
-1.7,-0.6,-0.01,-0.4,0.085,0.7,0.3,-1.08015,3.04,-0.12,1.8,7
-0.2,-1.1,0.71,-0.7,-0.679185153,-0.9,-0.3,-1.477275044,-0.13,0.29,0.6,6
0.4,-1.61,0.61,-0.6,-0.297143504,-1.2,-1.1,0.12183,-1.24,-0.41,-0.8,6
-1.9,-0.7,1.2,1.3,-0.891,1.3,1,-3.4682,1.16,0,3,6
-0.8,0.9,-1.03,0,0.064,-0.1,-0.8,-0.54535,0.45,-0.4,0.8,6
-0.8,0.9,-1.03,0,0.064,-0.1,-0.8,-0.54535,0.45,-0.4,0.8,6
-0.8,0.9,-1.03,0,0.064,-0.1,-0.8,-0.54535,0.45,-0.4,0.8,6
-0.7,-0.77,-0.78,-0.3,-0.488,-0.2,-0.7,-2.239761858,-0.1,-0.77,2.7,6
-1.6,0.74,-1.4,0,-0.467,-0.8,-1,-2.21858,1.36,-0.47,2.3,5
-0.2,0.07,0.35,0,-0.255,-0.7,-0.9,-2.32978,-0.7,0.35,2.5,8
-1,-0.2,-1.4,-0.5,-0.552,0.5,-0.6,-1.710257126,0.84,-0.65,1.8,6
-1.2,-0.32,-1.4,-0.8,-0.7,1.1,-0.4,-2.4092,0.9,-1.06,1.8,6
1.4,-0.7,0.51,-0.4,-0.149,0.1,-0.5,-0.00525,-1.24,-0.06,0.8,6
-1.1,0.29,-1.4,-0.2,0.17,-1.2,-1,-0.624772426,2,-0.24,1,4
0.3,-1.61,0.4,-0.6,-0.7,-0.3,-0.6,-1.487865139,-1.11,-0.41,0.8,7
-1.5,-1.33,-0.06,-0.6,-0.531,-1.2,-1.1,-2.7799,0.51,-0.71,2.9,6
-1.2,1.3,-1.4,0.3,-0.339592576,1,0.2,-1.56729,1.29,-0.4,1,6
1,-0.55,0.3,0.1,0.149,1.2,1.3,0.8737,-0.59,0.12,-0.4,5
1.3,-0.55,0.4,0.6,0.085,0.8,0.7,0.65133,-0.65,0.18,0.1,6
0.5,0.4,-1.4,-0.4,-0.636736081,-1,-1.1,0.5031,-0.85,-0.18,0,6
-1.4,-1.89,-0.31,-0.6,-0.913,3.9,2.7,-1.7685,0.06,-1.3,-0.8,5
-0.5,-0.94,0.35,-0.5,-0.276,0.2,-0.3,-1.8267,0.45,1.3,3,7
-0.6,-0.27,-1.03,2.1,0.021224536,-0.6,-0.9,0.0477,0.38,0.12,0.8,7
0.1,-1.38,0.4,-0.6,-0.573,-0.9,-1,-0.79951,-0.1,0.47,1.3,7
-0.2,-1.55,0.82,-0.6,-0.446,0.6,0.1,-1.1384,0.45,-0.4,1.4,6
1.2,-0.04,0.92,-0.4,-0.17,-0.9,-1,0.52425,-0.59,0.59,0.9,6
1.2,-0.04,0.92,-0.4,-0.17,-0.9,-1,0.52425,-0.59,0.59,0.9,6
-0.5,-0.66,-0.62,0.9,0.339592576,1.3,1.4,0.587793409,-1.11,-0.47,-1.2,5
-0.1,-0.1,-0.16,-0.4,-0.191,0,1.2,0.4713,0.19,-0.12,-0.8,6
-0.6,-0.7,0.1,-0.6,-0.17,1.6,1,0.0795,0.64,-0.06,-0.8,6
-0.1,-0.83,0.25,0,-0.17,0.8,0.7,-0.27,-0.26,1.12,0.6,6
-0.8,-0.43,-0.83,-0.1,-0.955,-0.9,-1,-1.69967,-0.1,-0.06,0.9,6
-0.8,-1.72,0.1,-0.5,-0.488,0,-0.8,-0.01584,1.94,0.94,-0.4,6
-0.6,-1.16,-0.21,-0.1,-0.467,1.8,0.7,-0.460625959,0.77,-0.24,-0.3,5
-0.1,-1.8,0.82,0,-0.255,1.5,0.1,-0.01584,1.42,0.88,0,6
-0.3,-0.2,-0.78,-0.5,1.910208242,-0.9,-0.8,-0.397,-0.2,1.24,-0.6,6
1,-0.66,0.92,2.6,-0.361,-0.9,-1,0.14301,-0.65,-1,1.3,7
-0.3,-0.77,0.76,-0.4,-0.042,-0.7,-0.8,-0.78892,0.51,0,1.1,6
1,-0.99,1.02,-0.4,-0.573,-0.9,-1.1,-0.47651,-0.52,-0.83,1.5,6
-0.1,-1.1,0.25,0.2,-0.446,-1.1,-1,-1.069556401,-0.1,0.59,2.3,7
-1.3,0.29,-0.21,0,-0.933879585,0,0.7,-1.710257126,0.97,-0.06,2,6
0,0.4,-0.11,-0.2,0.636736081,-0.7,-0.3,-0.31236,-1.04,-0.77,-0.6,5
0.8,-0.6,0.4,-0.3,-0.106,0.1,-0.3,-0.280594351,-0.52,0,0.7,6
-1,0.29,-1.4,-0.2,0.3,3.3,0.5,-0.69361,1.81,0.12,0.9,6
0,0.4,-0.11,-0.2,0.636736081,-0.7,-0.3,-0.31236,-1.04,-0.77,-0.6,5
0.1,-1.94,1.23,-0.53,-0.361,2.8,1.3,-0.79951,0.13,0.59,1.3,7
-1.9,-0.1,-0.47,-0.3,-0.976,0,1.7,-2.3033,0.97,1.24,2.3,7
-0.9,-0.66,0.82,0.2,-0.255,0.6,0.2,-0.54535,0.71,2.95,0.2,6
1.1,-0.66,0.82,-0.2,0.47,-0.5,-0.3,0.280680665,-0.98,0.06,0.4,5
1.4,-0.94,1.53,-0.1,-0.021,-0.9,-0.8,0.005338204,-1.11,0.35,0.7,7
0.3,-0.43,0.82,-0.8,-0.255,-0.4,-0.8,-0.65654,-0.65,0.53,-0.2,6
0.1,-1.16,0.76,-0.1,-0.276,-0.4,-0.8,-1.27606,-1.11,0.29,1.3,7
0.4,1.435,-0.16,-0.6,-0.212,-0.6,-0.8,0.09006,-0.13,0.06,-0.4,5
0.4,1.435,-0.16,-0.6,-0.212,-0.6,-0.8,0.09006,-0.13,0.06,-0.4,5
0.1,-0.49,1.2,-0.4,5.964,-0.1,-0.3,-0.21705,-1.95,2.6,-0.9,5
0.9,0.07,-0.06,-0.4,0.488,-0.8,0.4,0.180074766,-2.4,1.89,-0.2,5
-0.1,-1.1,0.61,0,-0.297143504,1.3,0,-0.778328798,0.06,1.3,1.9,7
-1.1,-1.05,-0.01,0.2,-0.446,-0.7,-0.1,-1.54082,-0.65,-0.59,1.5,6
-0.4,-0.2,0.1,-0.1,-0.042,-1,-1,-0.916000029,0.06,-0.24,1,6
0.5,-0.94,0.35,-0.6,-0.552,-1,-1,-0.042317221,-0.7,0.06,0.1,6
-0.7,0.35,-1.4,-0.2,-0.212,1,-0.1,-0.810099082,0.71,0.12,0.4,6
0.8,-0.6,0.97,-0.3,-0.297143504,-1,-0.9,-0.13763,-0.26,0.47,1.8,6
-0.4,-0.94,0.2,-0.6,-0.191,1,0.6,0.21714,0.97,-0.24,-0.8,6
-0.4,-0.94,0.2,-0.6,-0.191,1,0.6,0.21714,0.97,-0.24,-0.8,6
-1.1,0.46,-1.4,-0.2,0.149,3.1,0.4,-0.70949,1.94,0.2,1,6
-1.1,1.97,-1.24,2.2,-0.191,0.7,0,-0.54535,1.75,-0.9,0.8,4
-0.7,0.74,-1.4,-0.1,-0.764083297,-0.9,-1.1,-1.89029,0.25,0,2.2,7
-1.6,2.161,-1.4,-0.3,-0.997553193,0.1,1,-1.74203,2.39,0.41,0.9,5
-0.1,-0.99,0.3,-0.1,-0.255,-0.5,0,-0.402380439,-0.26,0.88,0.6,6
-0.1,-0.99,0.3,-0.1,-0.255,-0.5,0,-0.402380439,-0.26,0.88,0.6,6
0.9,-0.77,0.82,-0.6,-0.424,-1,-1.1,-1.043081164,-0.78,-1.18,0.9,5
1.1,-0.7,0.7,0,-0.424,2.4,0.2,0.41835,0.45,1.18,0.1,6
-0.9,0.74,-1.03,-0.6,-0.38,0,0.4,-0.54535,-0.13,-0.4,-1,5
-0.9,0.63,-0.21,-0.3,-0.17,-0.5,2.2,-0.725378325,0.32,0.2,0.5,5
-0.8,-0.55,0.1,-0.4,-0.064,-0.9,-0.2,-1.74203,0.13,-1.18,1.4,6
-1,1.5,-1.24,3.8,-0.191,-0.9,-1,-0.2382,1.36,-0.9,1.7,5
-0.8,-0.55,0.1,-0.4,-0.064,-0.9,-0.2,-1.74203,0.13,-1.18,1.4,6
-0.9,0.63,-0.21,-0.3,-0.17,-0.5,2.2,-0.725378325,0.32,0.2,0.5,5
0.3,2.384,-1.13,-0.5,-0.276,-1,-0.8,-0.31236,-0.1,-1.3,-0.8,4
0.5,-0.7,1.53,1.5,-0.17,-0.9,-0.8,-0.121742931,-0.2,-0.53,2,6
-1.1,1.993,-1.4,-0.1,1.656,-0.9,-1,-0.65654,1.62,-0.88,0.4,5
-0.6,-1.55,0.51,0,-0.531,-0.5,-0.2,-1.24959,1.36,0.8,1.9,7
-1.1,1.993,-1.4,-0.1,1.656,-0.9,-1,-0.65654,1.62,-0.88,0.4,5
-0.8,1.212,-0.78,-0.5,0.552,-0.1,0.5,-0.460625959,-0.59,-0.41,-0.8,6
-1.2,-0.55,-0.26,-0.5,-0.212,0.5,0.3,-0.22234883,1.36,-0.4,-0.8,6
-0.2,0.29,-0.21,-0.1,-0.255,0.7,1.4,0.058288678,-0.65,-0.47,-0.8,6
-0.4,0.24,-0.31,-0.7,-0.403,-1.1,-1.1,-1.148982111,-0.98,-0.71,-0.6,6
-0.4,-1.5,-0.06,-0.4,-0.764083297,0.3,0.9,-0.8736,-1.04,0.77,0.5,6
-0.2,0.29,-0.21,-0.1,-0.255,0.7,1.4,0.058288678,-0.65,-0.47,-0.8,6
-0.4,0.24,-0.31,-0.7,-0.403,-1.1,-1.1,-1.148982111,-0.98,-0.71,-0.6,6
-0.2,-1.05,0.46,-0.4,-0.488,-1,-1.1,-1.35549,-0.26,-0.71,0.8,7
0.2,-0.6,0.61,-0.5,-0.424,-0.9,-1,-0.84187,0.25,0.18,1.2,8
0.9,1.18,-0.42,2.3,0.488,1.6,0.9,1.074937762,-1.11,-0.65,-0.9,5
-0.6,-0.94,0.97,-0.3,-0.297143504,0.8,-0.1,-0.74656,0.6,1.12,0.6,7
-0.6,-0.94,0.97,-0.3,-0.297143504,0.8,-0.1,-0.74656,0.6,1.12,0.6,7
-0.6,-0.94,0.97,-0.3,-0.297143504,0.8,-0.1,-0.74656,0.6,1.12,0.6,7
0.9,1.07,1.43,-0.6,1.019,0.8,0.2,0.4077618,0.25,1.65,-0.4,5
-0.6,-0.94,0.97,-0.3,-0.297143504,0.8,-0.1,-0.74656,0.6,1.12,0.6,7
-1.2,-0.77,0.82,-0.4,-0.361,-0.2,-0.7,-1.30783353,0.9,1.24,0.8,7
-0.9,0.68,-1.29,-0.3,-0.212,-0.7,-1,-0.93718,0.25,-0.24,0,6
-1,-0.49,-0.62,-0.3,-0.255,0.6,0.2,-0.5559,0.06,-0.24,-1,5
-0.9,0.68,-1.29,-0.3,-0.212,-0.7,-1,-0.93718,0.25,-0.24,0,6
0.8,-0.83,0.76,-0.4,-0.361,-1,-1,-0.08468,-1.04,0.53,0.1,6
1.1,-1.1,0.97,-0.4,-0.149,-0.9,-1.1,-0.248824067,-1.4,-1.06,0,6
0.3,-1.44,0.97,-0.3,0.149,0.4,-0.5,-0.990130691,-0.33,-0.59,0.8,6
-0.2,0.24,0.2,-0.4,-0.191,-0.6,1,0.01063,-0.13,0.18,-0.8,6
-0.1,-1.05,0.51,-0.4,-0.658,2.6,0.8,-1.41373,-0.52,0.88,1.5,6
-0.1,-0.7,0.2,-0.4,-0.127347216,-0.7,-0.7,-0.397,-0.46,0.18,0.2,6
0.4,-0.77,0.7,-0.9,-0.933879585,0.9,0.1,-1.043081164,-0.7,1,0.5,6
1.5,-1.16,1.28,-0.5,0.934,0.1,-0.1,0.31245,-0.2,0.65,1,6
1.5,-1.16,1.28,-0.5,0.934,0.1,-0.1,0.31245,-0.2,0.65,1,6
-0.1,0.01,-0.26,-0.2,-0.212,1.6,1.3,0.015928299,-0.33,-1.18,-0.8,6
1.3,-0.94,1.02,-0.2,-0.297143504,-0.7,-0.7,-0.195873594,-0.52,0.59,1.5,6
2.5,-0.77,1.12,0,-0.17,-0.7,-0.8,1.2973,-1.56,0.94,-0.1,6
0.5,-0.38,-0.21,0.1,0.064,0.2,0.9,1.307919844,-1.04,-0.88,-0.9,5
-0.5,0.29,-1.24,1.1,-0.17,1.1,0,-0.43945,-1.88,-1.12,-1.1,5
0.4,0.29,-0.11,-0.4,0.339592576,-0.7,-0.8,0.49778,-0.26,0.35,-0.8,5
-1.9,-0.6,-1.4,-0.5,-0.933879585,0.2,1.3,-2.742791353,2.39,0.41,3,7
-0.4,-0.55,0.1,-0.3,-0.276,0.3,0.6,0.22773,0.6,-0.12,-0.8,5
-0.4,-1.94,0.35,0.1,-0.467,-0.1,0.3,-1.0854,0.38,0.71,1.3,6
-0.3,1.602,-1.34,0.1,-0.297143504,3.1,1.3,-0.28589,0.45,-0.24,0.4,5
-0.4,-0.55,0.1,-0.3,-0.276,0.3,0.6,0.22773,0.6,-0.12,-0.8,5
1.1,-1.66,0.51,-0.2,-0.658,-0.2,-0.3,-0.322954729,-0.52,-1,-1,4
-0.7,1.24,-1.34,-0.2,-0.615511545,-0.5,-0.9,-2.292712331,0.51,-1.5,2.3,6
-1.4,-1.1,0.25,7.4,-0.721634225,-0.9,2,-0.54535,-0.1,-0.59,1,4
-0.3,0.12,-1.4,-0.6,-0.38,-0.8,-0.9,-0.08468,-0.33,-0.12,-0.9,6
-0.7,1.24,-1.34,-0.2,-0.615511545,-0.5,-0.9,-2.292712331,0.51,-1.5,2.3,6
-0.1,1.13,-1.4,0,-0.149,-0.4,-0.7,0.65133,0.45,-1.18,-0.8,4
-1.1,0.79,-1.4,1.3,-0.658,-0.5,-0.8,-0.990130691,0.9,-0.59,1.3,4
-0.5,0.46,-0.4,-0.6,-0.255,1.9,0.4,-0.958360407,-1.4,-1.5,-1,5
0.9,-0.88,0.61,0,-0.191,1.2,0.6,0.28598,-0.98,-0.41,-0.6,5
0.4,-0.7,0.71,-0.4,-0.636736081,-0.1,-0.2,-1.381964192,-0.59,-0.4,1.7,6
0,0.18,-0.26,-0.1,-0.127347216,-0.6,1.2,0.8208,0.38,-0.24,-0.8,5
-1.4,-1.33,-0.11,7.7,-0.446,5.4,3.4,0.24362,0.13,-0.71,-0.1,6
-0.5,0.12,-0.42,-0.5,-0.127347216,-0.1,-0.4,-0.10586,1.16,0.12,0.1,5
-0.5,1.18,-1.03,-0.6,-0.042,-0.1,0,-0.916000029,-1.24,-1.06,-0.4,5
-0.5,0.12,-0.42,-0.5,-0.127347216,-0.1,-0.4,-0.10586,1.16,0.12,0.1,5
-0.8,-0.66,0.3,-0.2,-0.149,0.6,-0.3,-0.9795,0.64,0.53,0.7,6
-0.7,0.4,-1.34,-0.1,-0.191,0.8,-0.3,-0.852459461,0.6,-0.29,0.5,6
-0.7,0.4,-1.34,-0.1,-0.191,0.8,-0.3,-0.852459461,0.6,-0.29,0.5,6
-0.5,0.29,-0.67,-0.2,-0.233,1.1,0.4,-0.2382,-0.2,-0.41,-0.6,5
-0.7,1.07,-1.4,-0.5,0.742858761,-0.9,-1,-0.254119114,0.9,-0.47,-0.6,5
-0.2,0.74,-1.4,-0.8,0.17,-0.9,-1,-0.56123,0.77,-0.47,-0.8,5
-0.3,1,-1.08,-0.4,-0.191,0.4,-0.3,-0.248824067,0.6,0.18,0.5,5
-1.3,0.63,-1.29,-0.1,-0.403,1,0,-1.678486842,1.03,-1.24,0.6,5
-0.5,0.35,-0.26,-0.5,-0.127347216,2.6,0.4,-0.931885171,-1.4,-1.41,-1.1,5
-0.8,0.29,0.05,1.6,-0.064,-0.4,0.7,-0.22234883,0.06,0.2,0.6,6
-0.9,0.63,-1.4,0.1,0.742858761,-0.1,-0.4,-0.725378325,0.84,-0.18,0.8,6
-0.9,0.63,-1.4,0.1,0.742858761,-0.1,-0.4,-0.725378325,0.84,-0.18,0.8,6
0.2,0.598,2.1,-0.5,6.685728846,0.3,0.3,-0.227643877,-1.88,2.89,-1,5
-1.2,2.75,-1.4,-0.4,-0.106,0.1,-0.7,-1.260178104,1.81,-0.65,0.8,4
0.9,-0.43,0.56,0,-0.149,1.7,0.6,0.27009,-1.04,-0.47,-0.6,5
-0.1,1.41,-1.4,-0.2,0.021224536,-0.3,-0.6,0.556,0.38,-1.18,-0.8,4
0.1,-0.88,0.25,-0.5,-0.467,1,0.1,-1.15957,0.45,0.35,1.3,6
-0.6,0.24,-1.13,-0.1,-0.149,0,-0.3,-0.58771,0.45,-0.4,-0.1,6
-0.6,0.24,-1.13,-0.1,-0.149,0,-0.3,-0.58771,0.45,-0.4,-0.1,6
1.2,-0.55,1.2,-0.1,-0.424,-0.3,-0.8,-0.397,-1.4,1.24,0.9,6
-0.8,-0.66,0.2,-0.4,-0.191,0.5,0.1,-0.037022174,1.03,-0.65,-0.8,6
-1.6,-0.21,-1.24,-0.5,-0.933879585,1.2,1.2,-3.1505,1.2,0.94,3.4,8
-1.9,-0.83,-1.34,-0.6,-0.849,1,0.4,-3.129329807,2.5,0.53,3.4,6
-0.6,-0.49,-0.4,-0.6,-0.828,0.8,0.5,-1.7208,0.45,-0.53,1.2,6
-1.4,-0.38,-1.4,-0.4,-0.233,0.9,-0.1,-1.53552,1.2,-0.77,0.8,5
-0.5,0.29,-0.4,-0.4,-0.318,1.7,-0.1,-0.958360407,-1.4,-1.36,-1,5
-0.3,0.29,-0.72,-0.3,0.297,0.1,-0.3,-1.2443,-0.46,-0.77,0.8,6
-0.2,1.044,-0.26,-0.1,-0.276,-0.3,1,0.068878772,-0.46,-0.71,-0.8,6
0.1,-0.7,0.7,2.7,-0.81,-1.2,-1.1,-0.57712,-0.2,-0.59,1.5,4
-0.8,0.9,-1.4,-0.4,0.552,-1.2,-1.1,-0.20646,0.25,-0.4,-0.7,6
-0.2,1.044,-0.26,-0.1,-0.276,-0.3,1,0.068878772,-0.46,-0.71,-0.8,6
0.9,-1.3,0.61,-0.6,-0.552,-1.2,-1.1,-1.0325,-1.11,-0.53,1,7
-0.7,-0.38,-0.4,-0.4,-0.233,1.2,0.2,-0.6089,0.38,-0.12,0,6
-0.7,-0.38,-0.4,-0.4,-0.233,1.2,0.2,-0.6089,0.38,-0.12,0,6
-0.2,1.323,-1.4,-0.4,-0.085,-0.7,-0.7,-0.296479493,0.13,0.12,0.5,6
0.2,0.57,0.05,0.1,0.17,0.1,0.7,0.31245,-0.33,-0.18,-0.2,6
-0.8,-0.6,-0.42,-0.1,-0.361,0.2,-0.3,-1.053671259,0.51,-0.59,0.5,5
1.8,-0.88,1.2,-0.5,0.04,0.4,0,0.31245,-1.04,-0.53,0.1,5
-0.7,-2.05,0.87,0,-0.424,0.1,-0.5,-1.837338262,0.25,-0.71,1.9,6
-0.2,0.4,-0.98,0.1,-0.679185153,-1.2,-1.2,-2.059730249,-0.59,-1.71,2.4,5
-0.8,0.4,0.1,1.4,-0.424,0.4,1.9,1.265559466,-0.1,3.01,-0.2,5
-0.8,0.4,0.1,1.4,-0.424,0.4,1.9,1.265559466,-0.1,3.01,-0.2,5
-0.4,1.18,-1.4,-0.4,0.3,-0.9,-1,-0.81539,0.32,-0.41,0.6,5
-0.1,0.598,-0.9,-0.3,-0.318,0.9,0.4,-0.195873594,-0.13,0.53,0.5,6
-1.4,-0.742,-0.72,-0.1,-0.679185153,-0.2,-0.6,-1.657306653,2,0.06,1.9,6
-0.5,1.268,-1.4,-0.4,-0.085,-0.9,-1,-0.01584,0.19,-1,-0.7,4
-0.1,0.598,-0.9,-0.3,-0.318,0.9,0.4,-0.195873594,-0.13,0.53,0.5,6
-1,0.57,-1.4,1.3,0.10612268,3.4,0.9,-0.619477379,-0.7,-1.24,-0.8,5
-1,0.57,-1.4,1.3,0.10612268,3.4,0.9,-0.619477379,-0.7,-1.24,-0.8,5
-0.6,0.01,-0.67,-0.3,-0.509,-0.1,-0.5,-1.86381,0.25,-0.29,1.6,6
-1.5,0.4,-1.4,-0.8,-0.531,-0.5,-0.9,-2.562759744,0.9,-0.59,1.7,6
-0.4,5.87,-1.4,-0.3,1.040002265,-1,-1.1,-1.053671259,1.2,-1.5,0.5,3
-1.8,0.654,-1.4,-0.25,-0.17,-0.1,-0.6,-1.22311,3.04,-0.29,2,6
-0.9,1.85,-1.03,-0.4,0.3,0.4,0.3,-0.40768,1.9,0.47,1.2,6
0.5,-0.88,0.25,-0.3,-0.509,-1.1,-1,-0.524166527,-0.1,0.8,0.8,6
-0.2,-1.38,0.87,-0.5,-0.149,1.2,0.7,-0.921295076,0.32,0,0.8,5
-0.4,1.46,-0.31,-0.1,-0.021,0.5,0.7,-0.6618,-1.24,-1.3,-1.1,5
-0.5,0.46,-0.06,-0.4,-0.318,0.8,1.3,-0.333544824,-0.1,-0.77,-0.6,5
0.8,0.9,0.25,0,0,0.6,1.4,0.609,-0.13,-0.24,-0.3,5
-0.9,0.85,-0.93,1,-0.424,-0.1,-0.5,-0.79951,0.64,-0.83,0.7,4
0.8,0.9,0.25,0,0,0.6,1.4,0.609,-0.13,-0.24,-0.3,5
-0.8,0.51,-0.9,-0.8,-0.361,1.1,0.5,-0.397,-0.2,-0.29,-1.1,5
-0.5,0.46,-0.06,-0.4,-0.318,0.8,1.3,-0.333544824,-0.1,-0.77,-0.6,5
-1.1,-0.1,-0.62,0.4,-0.509,-0.4,-0.6,-2.0386,0.13,-0.41,2.3,6
-0.2,3.64,-0.31,-0.4,-0.106,-0.2,-0.2,-0.757148609,0.19,-1.12,0.1,5
-0.8,-0.94,-0.31,-0.1,-0.042,0.4,0.6,-0.619477379,0.6,-0.71,-0.3,6
-0.8,-0.94,-0.31,-0.1,-0.042,0.8,0.7,-0.63007,0.6,-0.77,-0.3,6
-0.5,0.57,-0.01,-0.4,-0.106,0.1,1.4,-0.31236,-0.33,-0.47,-0.6,6
-1.7,1.18,-1.4,-0.9,-0.997553193,0,0,-2.207991574,4.53,-0.41,2,6
0.9,-0.49,0.97,-0.2,0.064,-0.6,-0.2,-0.195873594,-0.85,0.18,1.4,6
-0.5,0.57,-0.01,-0.4,-0.106,0.1,1.4,-0.31236,-0.33,-0.47,-0.6,6
0.5,1.3,2.1,-0.6,6.919,0.2,0.5,-0.121742931,-2.7,3.95,-1.2,6
0.8,0.74,0.35,0.1,0.127,-0.4,1.3,0.640743882,-0.33,0,-0.3,5
-1.9,1.18,-1.4,-0.9,-0.997553193,0,0,-2.207991574,4.53,-0.41,2,6
0.5,-1.05,0.76,-0.5,-0.636736081,-0.7,-0.9,-1.49846,-0.85,-0.65,0.9,5
0.5,-0.94,0.61,-0.5,-0.59,0.5,0.3,-0.95307,-0.85,0.94,0.6,7
-0.9,-0.38,-0.16,-0.6,-0.233,0.2,-0.4,-1.0325,0.51,-0.4,0.2,6
-0.9,-0.38,-0.16,-0.6,-0.233,0.2,-0.4,-1.0325,0.51,-0.4,0.2,6
-0.9,-0.38,-0.16,-0.6,-0.233,0.2,-0.4,-1.0325,0.51,-0.4,0.2,6
-0.9,-0.38,-0.16,-0.6,-0.233,0.2,-0.4,-1.0325,0.51,-0.4,0.2,6
-1.1,-0.04,-0.83,-0.5,-0.318,-0.3,-0.3,-0.6618,0.19,-0.83,-1,5
-0.5,0.4,-0.06,-0.3,-0.106,0.1,1.4,-0.31236,-0.13,-0.59,-0.6,6
-0.5,0.4,-0.06,-0.3,-0.106,0.1,1.4,-0.31236,-0.13,-0.59,-0.6,6
-0.3,1.91,-0.06,0.9,0.403,1.5,0.6,-0.037022174,-0.33,-1.18,-1.1,5
0.1,-0.77,-0.9,-0.6,-0.276,-0.9,-0.7,-0.497691291,-1.43,-1.36,-0.7,6
0.5,1.379,-0.26,-0.2,-0.191,-0.4,0,0.4501,-0.85,-0.88,-0.8,5
-0.6,1.714,-1.4,-0.4,1.656,-1.1,-1.1,-0.35473,0.51,-0.83,-0.4,5
-1,0.29,-1.29,-0.1,-0.403,0.3,-0.2,-1.52493,0.45,0,2.1,6
-1.4,-0.2,-1.4,-0.8,-0.658,-0.1,-0.6,-1.201932584,0.32,-1.24,-0.8,5
-1.4,-0.2,-1.4,-0.8,-0.658,-0.1,-0.6,-1.201932584,0.32,-1.24,-0.8,5
-1.4,-0.2,-1.4,-0.8,-0.658,-0.1,-0.6,-1.201932584,0.32,-1.24,-0.8,5
-0.5,-0.1,-1.29,-0.6,-0.085,-0.3,-0.5,-0.725378325,0.32,-0.71,0.1,6
-0.5,-0.1,-1.29,-0.6,-0.085,-0.3,-0.5,-0.725378325,0.32,-0.71,0.1,6
-0.5,-0.1,-1.29,-0.6,-0.085,-0.3,-0.5,-0.725378325,0.32,-0.71,0.1,6
-0.4,0.07,-1.29,-0.6,-0.064,0.1,-0.5,-0.455330912,0.38,-0.88,0,6
-0.5,-0.1,-1.29,-0.6,-0.085,-0.3,-0.5,-0.725378325,0.32,-0.71,0.1,6
1.9,-0.6,1.07,0.1,-0.233,-0.7,-0.8,0.937266532,-1.43,-0.77,0.6,5
-0.1,-0.49,-0.16,-0.1,-0.531,-0.6,-0.6,-0.32825,-0.39,-0.77,-0.2,6
-1.3,0.35,-1.34,-0.3,-0.679185153,-1,-1,-1.07485,1.36,-0.59,0.9,5
-0.6,0.709,-1.24,-0.5,-0.212,-0.8,-1,-0.46592,0.19,-1.59,-0.8,5
-0.6,0.709,-1.24,-0.5,-0.212,-0.8,-1,-0.46592,0.19,-1.59,-0.8,5
-0.8,0.24,-1.4,0.2,-0.149,0.5,-0.2,-0.83128,0.64,-0.83,0.4,5
0.4,0.4,0.1,-0.4,-0.403,1.6,0.8,-0.11115,0.19,-0.53,-0.4,5
-0.6,0.51,-1.34,-0.1,-0.488,-0.7,0,-1.816158072,0.06,-0.88,1.3,6
-0.4,0.654,-1.24,-0.4,-0.042,-0.2,0.3,0.0795,0.38,-1.18,-0.1,5
-0.4,0.654,-1.24,-0.4,-0.042,-0.2,0.3,0.0795,0.38,-1.18,-0.1,5
-0.6,0.29,-1.24,-0.1,-0.233,-0.8,-0.6,-0.566526906,0.25,-0.83,-0.4,5
-1.3,-1.16,-0.11,-0.5,-0.042,-1,-0.4,-1.11721,0.32,-1.3,-0.3,5
-1.3,-1.05,-0.11,-0.5,-0.085,-1.1,-0.6,-1.11721,0.32,-1.3,-0.3,5
-0.6,-0.55,-0.16,0,-0.212,1.1,0.6,-0.14292312,1.9,-0.41,0.7,6
-0.5,0.63,-0.52,2.1,1.698,3.5,1.6,0.32304,-0.2,-0.9,-0.8,5
1.9,-0.295,0.7,-0.8,0.064,-0.9,-0.6,0.153599529,-1.56,-0.06,-0.343766533,6
0.5,0.07,0.2,-0.1,0.509388864,-0.5,-0.3,0.127124293,-0.46,-0.59,0.5,5
0,1.8,-0.67,0,0.10612268,-0.3,0.2,0.2595,0.32,-0.71,-0.3,5
1.9,-0.295,0.7,-0.8,0.064,-0.9,-0.6,0.153599529,-1.56,-0.06,-0.343766533,6
-0.2,1.69,-0.01,-0.4,-0.17,-0.5,0.5,-0.121742931,-0.13,-1.06,-0.6,4
-0.6,0.43,-1.29,-0.4,0.17,-0.6,-0.5,-0.927,0.97,-0.77,1.3,6
-0.3,-0.2,-0.93,-0.2,0.573,-0.6,-0.1,0.1854,-0.85,-0.24,-0.8,5
-0.6,1.18,-0.98,-0.6,0.127,-0.6,0,-0.524166527,-0.46,-0.9,-0.6,5
-0.8,0.07,0.1,-0.2,0,-0.7,1.8,0.2648,-0.39,3.06,0.1,6
-0.2,1.35,0.25,-0.3,-0.191,0,0.8,-0.10056,-0.26,-0.9,-0.6,6
-1,0.46,-1.4,-0.6,-0.403,-1.1,-1.2,-1.477275044,0.13,-1.71,0,4
0.2,1.41,1.23,-0.6,6.94,-0.4,0.6,-0.2753,-2,3.01,-1.1,5
-0.5,0.29,1.48,0.4,1.38,-1,-1,-1.053671259,-0.65,2.18,1.1,6
0.2,1.41,1.23,-0.6,6.94,-0.4,0.6,-0.2753,-2,3.01,-1.1,5
-0.4,1.24,-0.01,0.9,0.47,1.7,1.3,-0.0582,-0.46,-1.24,-1,5
-0.9,1.602,-1.4,-0.9,3.799,0,-0.5,-1.08015,0.06,-0.88,-0.6,3
-0.6,0.18,-0.06,-0.4,-0.106,-0.3,1.6,-0.471216054,-0.33,-0.83,-0.5,5
-0.1,1.993,-0.4,-0.8,-0.042,-0.8,-0.5,-1.1384,-1.3,-1.18,-0.4,5
-1.8,-0.21,-0.06,-0.1,0.04,0.7,0.8,-0.7677,2.59,-0.24,1.7,6
-0.6,-0.43,-0.62,-0.4,-0.212,-0.6,-0.6,-0.349429966,-0.13,-0.88,-0.5,6
-0.5,0.24,-1.29,0.1,-0.233,-0.5,-0.3,-0.624772426,0.32,-0.24,0.4,6
-0.5,0.24,-1.29,0.1,-0.233,-0.5,-0.3,-0.624772426,0.32,-0.24,0.4,6
-0.9,1.69,-0.93,-0.5,-0.297143504,-1.1,-0.7,-0.74656,0.45,-1.24,-0.8,5
-0.2,0.4,-0.26,-0.3,-0.17,0.9,1.8,-0.32825,-0.1,-1,-0.5,5
-0.2,0.4,-0.26,-0.3,-0.17,0.9,1.8,-0.32825,-0.1,-1,-0.5,5
-0.7,1.268,-0.62,-0.5,0.403,0.4,1.1,-0.43415,-0.78,-0.9,-0.8,5
-0.2,1.57,-0.11,0.6,-0.255,1.7,1.2,-0.037022174,-0.78,-1.41,-1.1,5
-0.5,0.63,-1.03,-0.5,0.3,-0.7,-0.7,-0.3441,-0.1,-0.47,-0.8,5
-0.5,0.63,-1.03,-0.5,0.3,-0.7,-0.7,-0.3441,-0.1,-0.47,-0.8,5
-1,0.63,0.2,2.6,-0.106,-0.8,0.1,0.22773,0.25,0.12,-0.1,5
-0.9,-0.27,-1.29,-0.2,-0.17,1.9,2,-0.79951,-1.4,-0.77,-0.7,5
-1.4,-0.21,-1.4,-0.1,-0.424,-0.1,-0.4,-2.02796,1.75,-0.41,2,6
-0.2,0.63,-0.26,-0.1,0.127,-1,-0.4,-0.333544824,0.38,-0.47,0.6,5
-0.7,0.51,-1.08,-0.9,-0.38,-1,-1,-1.3502,-0.91,-1.06,-0.6,5
-0.2,-0.04,-0.11,-0.4,-0.212,0.3,0.4,-0.333544824,-0.1,-1.06,-0.2,5
-1.1,0.24,-0.67,1,-0.38,1.1,0.8,-0.03173,0.06,-1.06,-1.1,5
0.2,0.877,-0.9,-0.6,0.085,-1.2,-1,0.3707,0,-0.06,-0.8,6
0.2,0.821,-0.9,-0.6,0.04,-1.1,-1.1,0.3707,0,-0.06,-0.8,5
-0.6,0.35,-0.06,-0.4,-0.17,0.1,1.7,-0.48181,-0.2,-0.83,-0.5,5
-0.8,0.4,-0.78,-0.2,-0.106,-0.3,-0.6,-0.0794,1.36,-0.24,-0.2,7
-0.6,0.79,-1.4,-0.2,-0.424,-0.6,-0.7,-0.6089,0.71,0.35,0.7,6
-0.2,0.9,-0.31,-0.3,-0.17,1.6,2.9,-0.2912,-0.39,-0.88,-0.5,5
-0.2,0.9,-0.31,-0.3,-0.17,1.6,2.9,-0.2912,-0.39,-0.88,-0.5,5
-0.4,-1.3,0.76,-0.4,-0.764083297,-0.9,-0.7,-0.2382,0.84,0.94,1.4,6
-0.6,-1.1,0.3,-0.6,-0.573,-1.2,-1,-0.397,-0.52,2.6,-0.4,8
-0.2,-0.2,0.61,0.1,-0.127347216,-0.4,0,0.9267,0.77,-0.24,0.3,6
-0.4,-1.38,0.1,-0.4,-0.552,0.2,-0.4,-0.8207,-0.2,1.4,0.8,7
-0.1,-1.61,0.35,1.8,-0.552,-0.7,-0.7,0.3442,-0.59,1.65,0.5,6
-1.4,-0.1,-1.4,-0.3,-0.509,2.3,0.2,-0.927,1.49,1.59,0.3,6
-0.1,-1.33,0.46,-0.2,-0.849,1.8,0.2,-0.927,-0.26,2.06,1.9,7
-1.4,-0.1,-1.4,-0.3,-0.509,2.3,0.2,-0.927,1.49,1.59,0.3,6
-1,2.41,-1.4,-0.5,-0.127347216,-1,-0.9,-1.6679,1.2,-1.3,1.4,6
-1.1,-0.32,0.7,-0.1,-0.361,-0.7,-0.8,-0.2382,1.62,0.41,0.2,6
-0.1,-1.61,0.35,1.8,-0.552,-0.7,-0.7,0.3442,-0.59,1.65,0.5,6
0.9,0.24,-0.11,-0.4,0.339592576,-0.4,1.3,-0.2382,-1.75,1.4,-0.3,5
1,-1.16,1.64,-0.2,-0.233,-1.2,-1,1.4032,-0.7,0.71,-0.8,5
-1.2,0.29,-1.4,-0.6,-0.488,-0.7,-0.9,-0.0794,1.62,1.06,-0.9,5
1,-1.16,1.64,-0.2,-0.233,-1.2,-1,1.4032,-0.7,0.71,-0.8,5
-0.6,-1.05,0.3,0,-0.509,0.5,-0.3,-0.8207,0.25,0.65,1.6,7
-0.3,0.01,-1.34,-0.6,-0.233,-1.2,-0.8,-0.927,-0.98,-1.18,-0.6,5
-0.4,0.63,-0.31,-0.2,-0.233,1.6,2.6,-0.6089,-0.26,-1.24,-0.5,5
-0.3,0.01,-1.34,-0.6,-0.233,-1.2,-0.8,-0.927,-0.98,-1.18,-0.6,5
-0.5,-0.7,-0.47,-0.6,-0.191,0.8,0.3,-0.1323,0.19,-0.47,-0.9,5
-0.8,0.07,-1.4,-0.3,-0.191,2.2,0.3,-0.6089,0.51,1.06,0.9,6
-1.1,0.01,-0.93,1,0.742858761,-0.2,-0.5,0.0265,1.2,0.06,0.6,4
0,-1.5,0.51,-0.8,-0.255,-0.7,-0.7,0.3442,-0.33,0.2,-0.8,6
0,-1.5,0.51,-0.8,-0.255,-0.7,-0.7,0.3442,-0.33,0.2,-0.8,6
-0.4,-1.66,0.51,-0.5,-0.891,0.7,0.4,0.1854,0.64,0.29,1.6,6
-0.4,-0.66,0.3,0,-0.212,-0.9,-0.7,-0.5559,-0.1,-0.47,0.8,5
-0.3,0.63,-1.4,-0.4,-0.339592576,1.1,0.3,-0.2912,0,-0.18,0.6,5
-0.2,-1.94,0.7,-0.2,-0.828,2.1,0.6,-0.397,0.13,1.59,0.8,5
-0.5,-0.66,-0.16,-0.5,-0.467,0.2,0,-0.6089,0.38,-0.24,0,5
-0.4,-0.55,0.2,-0.3,-0.403,-0.3,0.8,-0.503,-0.33,-0.71,-0.5,6
-1.4,-0.49,-1.4,-0.6,-0.976,-1.2,-1.1,-1.2443,1.1,1.12,1.2,6
-1.3,-0.7,-0.57,-0.5,-0.403,-0.5,-0.7,-0.6618,0.71,0.47,-0.3,7
1.1,0.07,0.51,9.1,2.674,3.8,1.5,3.67481,-0.85,0.65,-1.3,6
1.1,0.07,0.51,9.1,2.674,3.8,1.5,3.67481,-0.85,0.65,-1.3,6
1,-0.83,0.56,-0.6,1.719187417,1.1,1.3,1.265559466,-1.04,-0.06,-1.8,5
-0.9,2.161,0.1,1.6,-0.38,-0.1,-0.2,-0.51887,1.42,-0.71,0.7,5
-0.8,0.35,-1.4,-0.6,-0.764083297,-1.2,-1.2,-0.397,0.64,-1.12,-0.1,5
-0.6,0.79,-1.29,-0.2,-0.339592576,1.5,1.4,-0.57712,0.06,0.12,0.62503006,6
-0.6,-0.88,0.25,-0.4,-0.552,-0.1,-0.6,-1.0854,-0.52,0.41,0.8,7
-0.5,1.435,-0.42,1.9,0.127,0.3,1.6,0.20125,-0.98,-0.83,-0.781287575,6
-0.8,0.57,-1.29,-0.4,-0.212,0.2,-0.5,0.195959908,0.6,0.53,-0.6,5
-0.8,0.29,-0.4,-0.53,-0.636736081,-0.7,-0.7,-1.869108546,0.45,-1,1.2,5
-0.6,0.79,-1.29,-0.2,-0.339592576,1.5,1.4,-0.57712,0.06,0.12,0.7,6
-0.5,1.435,-0.42,1.9,0.127,0.3,1.6,0.20125,-0.98,-0.83,-0.8,6
-0.8,0.57,-1.29,-0.4,-0.212,0.2,-0.5,0.195959908,0.6,0.53,-0.6,5
-0.9,0.79,-1.4,-0.4,-0.17,0.6,-0.2,0.137714387,0.6,0.47,-0.7,5
-0.8,0.29,-1.34,-0.4,-0.17,2.3,0.2,0.042403536,0.6,0.41,-0.7,5
-0.6,-0.83,0.2,-0.4,-0.679185153,-0.1,-0.5,-1.07485,-0.52,0.59,0.8,8
-0.6,-0.88,0.25,-0.4,-0.552,-0.1,-0.6,-1.0854,-0.52,0.41,0.8,7
-0.3,-1.16,0.87,0.1,0.339592576,-0.7,-0.9,0.301860854,0.13,0.71,0.6,7
-1,0.29,-1.29,-0.4,-0.552,2,0.2,-1.59377,0.25,0.59,1.1,7
-0.4,-0.21,0.3,-0.4,-0.297143504,1.1,1.2,0.164189624,0.64,-0.47,-1.3,5
2,-0.43,1.84,-0.2,-0.318,-0.8,-0.7,1.58326,-0.65,0.18,0.5,6
-1.1,2.1,-1.4,-0.6,-0.764083297,-0.7,-0.9,-1.10133,1.2,-0.18,0.5,6
-1.4,0.07,-1.08,-0.5,-0.81,2.1,1.3,-2.32448,-0.1,-0.9,0.14,6
-0.4,-0.21,0.3,-0.4,-0.297143504,1.1,1.2,0.164189624,0.64,-0.47,-1.3,5
0.1,-1.33,0.7,-0.6,-0.446,-0.7,-0.8,-0.3812,0.51,-0.4,0.1,5
-0.2,-1.8,0.4,-0.6,-0.721634225,-0.8,-1,-1.148982111,0.06,0.8,1.4,7
-1.1,-0.6,-0.93,-0.1,-0.721634225,1.7,0.5,0.2595,0.64,0.12,0,6
-1.2,1.435,-1.4,-0.3,-0.59,-0.9,-1,-0.0582,1.81,-0.29,-0.4,4
-0.9,0.63,-1.24,-0.1,-0.276,-0.2,-0.5,-0.68831,0.32,-0.47,0,6
-0.8,0.57,-1.34,-0.1,-0.255,-0.2,-0.2,-0.810099082,0.19,-0.77,0.4,6
-0.9,0.35,-0.9,-0.6,-0.531,1.7,0.2,-0.503,0.64,0.06,-0.7,5
-0.9,0.35,-0.9,-0.6,-0.531,1.7,0.2,-0.503,0.64,0.06,-0.7,5
-0.6,-0.27,0.25,-0.3,-0.552,1.5,0.2,0.280680665,-0.1,-0.06,-0.4,7
-0.9,2.86,-0.98,-0.1,-0.446,0.3,-0.4,-0.14292312,1.36,-0.53,0.6,4
-0.6,-0.27,0.25,-0.3,-0.552,1.5,0.2,0.280680665,-0.1,-0.06,-0.4,7
-0.6,2.52,-1.13,-0.3,-0.573,0.4,0.1,0.15889,0,-0.65,-0.7,3
1,0.9,-0.83,-0.8,-0.085,-0.7,-0.7,-0.513576433,-2.79,-1.12,-0.7,5
-0.9,1,-0.98,0.89,-0.446,-0.7,-0.9,-1.80557,0.77,-0.83,2.1,5
-0.4,-0.99,1.7,0.1,-0.318,0.7,-0.1,-0.10056,0.45,0.77,0.7,6
-1.3,0.4,-0.98,-0.5,-0.361,-0.2,0,-1.79498,0.45,-0.71,0.6,5
0.9,-0.2,1.2,8,2.483,3.1,1.1,3.00233,-0.98,0.53,-1.5,5
-1.8,-0.32,-0.83,-0.2,-0.849,0,1.3,-2.61042,1.49,1.3,2.968892785,7
0.9,-0.2,1.2,8,2.483,3.1,1.1,3.00233,-0.98,0.53,-1.5,5
-1.8,-0.32,-0.83,-0.2,-0.849,0,1.3,-2.61042,1.49,1.3,3,7
-0.7,1.937,-1.13,2.3,-0.127347216,-1.2,-1,0.70428,0.6,-0.83,-0.2,3
-0.1,-1.38,1.7,0.4,0.339592576,-0.6,-0.7,0.81019,0.51,0.12,0.2,5
-1.6,0.51,-1.24,-0.7,-0.17,-0.9,-1,-0.93718,2.26,-0.24,-0.3,4
-0.1,-1.38,1.7,0.4,0.339592576,-0.6,-0.7,0.81019,0.51,0.12,0.2,5
-0.6,0.29,1.38,-0.3,0.552,-1.2,-1.1,0.233025239,0.13,-0.53,-0.1,4
-0.1,-1.1,0.87,-0.7,-0.976,-0.9,-1,-0.704198136,0.25,-0.29,0.3,5
-0.9,2.13,-1.08,-0.4,-0.59,-1.1,-1.1,-0.43945,1.42,-0.12,0.5,4
-0.8,0.709,-0.57,-0.3,-0.297143504,-0.7,-0.7,-0.365315108,0.38,-0.65,-0.7,5
-0.9,0.85,-0.31,-0.3,-0.38,-0.7,-0.7,-0.68302,0.45,-0.4,-0.1,5
-1.4,0.63,-1.13,-0.4,-0.467,-0.7,-0.9,-0.947770312,1.36,0.71,0.2,5
-1.6,0.07,-1.19,-0.6,-0.828,-1,-1,-1.3502,2.65,-0.47,0.9,5
-1.2,0.24,-0.9,-0.3,-0.849,-1.1,-1.1,-1.201932584,0.84,0.59,0.4,6
-0.7,-1.72,1.12,-0.5,-1.04,-0.7,-0.9,-1.75262,0.51,-0.59,1.9,6
-1.6,0.07,-1.19,-0.6,-0.828,-1,-1,-1.3502,2.65,-0.47,0.9,5
-1.2,0.68,-1.08,-0.6,-0.81,-0.9,-0.9,-1.731437315,1.68,-0.71,1.45,5
-0.4,0.07,-0.06,-0.4,0.021224536,0.7,3.1,-0.20646,-0.33,-0.41,-0.7,5
-1.1,-1.22,-0.93,-0.8,-0.467,-0.1,-0.6,-1.14369,0.71,0.2,-0.4,7
-0.8,-0.55,-1.29,-0.4,-0.17,-0.1,-0.6,-0.96895,0.25,0.88,0.2,6
-0.4,0.07,-0.06,-0.4,0.021224536,0.7,3.1,-0.20646,-0.33,-0.41,-0.7,5
-0.8,1.18,-1.24,-0.1,-0.721634225,-0.8,-0.9,-0.88423,0.9,-0.18,1,6
-1,2.049,-1.19,-0.1,-0.424,-0.8,-1,-0.4924,1.42,-0.47,0.4,6
-0.8,1.18,-1.24,-0.1,-0.721634225,-0.8,-0.9,-0.88423,0.9,-0.18,1,6
-0.5,1.1,-1.19,-0.7,-0.255,-0.7,-1,-0.88423,-0.33,-0.77,-0.8,5
-0.3,1.63,0.1,1.3,-0.106,0.5,0.5,-0.174693404,-0.98,-0.77,-0.9,5
-0.6,0.319,-0.47,-0.1,-0.212,-0.1,0.4,-0.195873594,0,-0.71,-0.6,5
-1.2,-0.49,0.61,0,-0.233,-0.9,-1,-0.63536,1.29,0.18,0.6,6
-0.5,-0.83,1.53,-0.1,0.382,-1,-1,-0.37061,0.32,-0.65,0.9,6
-0.9,1.3,-1.29,-0.5,-0.212,-0.9,-1,-0.397,1.55,-0.18,-0.42,3
-0.9,1.57,-1.13,-0.4,-0.38,-0.9,-1,-0.59829719,1.29,0,0.4,6
-0.5,-0.83,1.53,-0.1,0.382,-1,-1,-0.37061,0.32,-0.65,0.9,6
-0.7,-1.44,1.7,-0.3,-0.297143504,0.1,-0.7,0.736054734,0.45,0.35,0.2,6
-0.2,-1.94,0.7,-0.5,-0.552,-0.8,-0.8,-1.4031,-0.2,0.2,0.7,5
-1.1,-0.94,-0.31,-0.2,-0.87,1,0,-0.07409,1.03,0.65,-0.7,6
-0.7,0.9,-1.19,-0.3,-0.424,0.3,-0.6,0.195959908,0.84,0.06,-0.6,5
-1.1,1.46,-1.19,-0.2,-0.573,-0.5,-0.9,-0.460625959,1.42,-0.06,0,6
-1.1,0.18,-0.62,-0.5,-0.212,0.1,0.6,-2.01736987,0.13,-0.4,0.1,6
-0.8,1.74,-0.31,1.1,-0.297143504,0,0.6,0.884316059,1.42,0.35,-1.093802605,6
-0.8,1.74,-0.31,1.1,-0.297143504,0,0.6,0.884316059,1.42,0.35,-1.08,6
-1.3,-1.16,-0.11,-0.1,-0.361,0.7,0.3,-0.22234883,0.71,1.83,0.2,5
-1.1,0.01,-1.08,-0.4,-0.531,1.3,-0.1,-0.984835644,0.45,1,-0.1,6
-0.5,-0.32,0.97,-0.2,0.552,-0.8,-0.8,-0.148218168,0.06,-0.18,0.1,5
-1,1,-0.98,0.1,0.382,-0.2,-0.6,-0.05291,0.84,-0.47,-0.2,5
-1.1,0.01,-1.08,-0.4,-0.531,1.3,-0.1,-0.984835644,0.45,1,-0.1,6
-0.8,-0.27,-0.4,-0.4,-0.127347216,-0.7,-0.7,-0.47651,0.51,-1.36,-1.27,4
-1.3,-1.16,-0.11,-0.1,-0.361,0.7,0.3,-0.22234883,0.71,1.83,0.2,5
-0.9,-0.27,-0.11,-0.4,-0.255,1.3,0.4,-0.7677,0.19,-0.4,0,5
-1.4,-0.6,-0.42,-0.4,-0.276,0.6,0,-0.810099082,0.51,0.71,-0.4,6
-0.9,-0.27,-0.98,-0.3,-0.509,0.2,-0.4,-0.651247663,0.13,-0.12,-0.7,5
-0.9,-0.32,-0.98,-0.2,-0.509,0.2,-0.3,-0.645952615,-0.1,-0.06,-0.8,6
-0.7,0.01,-1.03,-0.6,-0.361,-0.1,-0.7,-0.8736,-0.13,0,0.4,6
-0.2,-1.33,1.12,-0.2,0.17,0.5,0.4,0.206550002,0,0.06,-0.3,6
-0.7,0.9,-0.98,-0.3,-0.531,2.5,0.2,-0.35473,0.71,-0.4,-0.2,6
-1,-0.49,-0.93,-0.2,-0.531,-0.7,-0.9,-1.22311,0.71,0.18,0.8,6
-1.3,0.989,-0.9,0.2,-0.149,-0.3,-0.6,-0.23294,1.9,0,-0.2,5
-0.6,0.01,-0.72,-0.4,-0.636736081,0.2,-0.7,-0.540051669,-0.65,0.12,-0.5,6
-0.2,-0.77,0.1,-0.4,-0.297143504,1.6,1.1,0.222435144,0.51,-0.29,-1.3,5
-1,0.18,-0.67,-0.1,-0.509,-0.3,-0.5,-1.47198,0.71,-0.24,1.2,7
-0.8,0.12,-0.72,-0.2,-0.276,-0.1,-0.3,-0.45,0.32,-0.41,-0.7,6
-1.3,0.01,-0.98,-0.4,-0.233,0.8,0,-0.778328798,1.9,0.12,-0.1,6
-1.7,0.29,-0.98,-0.4,-0.615511545,0.4,-0.5,-1.01131,1.2,-0.12,-0.2,6
-1.2,0.63,-0.93,0,-0.149,-0.1,-0.6,-0.725378325,1.68,-0.18,1.5,5
-0.6,-0.77,0.25,-0.5,-0.488,1.7,0.4,0.206550002,0.97,0.71,-0.5,5
-1.2,-0.04,-0.98,1.3,-0.361,-0.5,-0.4,-0.15351,1.62,-0.18,1.1,6
-0.5,-1.55,0.1,-0.2,-0.721634225,0.3,0.1,-0.04761,0.6,0.59,0.5,7
-0.9,1.826,-1.29,-0.4,-0.509,1.3,-0.3,-1.07485,-0.1,-0.59,0.33,6
1.6,-0.49,0.76,-0.2,-0.509,-0.2,-0.8,0.439532084,-0.39,-0.53,0,6
0.1,-0.88,0.82,-0.1,-0.531,-0.4,-0.8,-0.6618,-0.91,0.88,0.8,7
-1.1,0.57,0.3,-0.5,-0.615511545,0,-0.6,-0.76244,0.32,-0.12,-0.3,6
-0.8,0.24,-1.29,-0.4,-0.339592576,0.1,-0.6,-0.52946,0.32,-0.29,-0.2,5
-1.2,0.4,-0.9,-0.6,-0.849,-0.4,-0.6,-1.95383,1.55,-0.88,1.6,5
1.7,-0.7,1.2,-0.4,0.233,0.3,0.1,0.571908267,-1.4,-0.47,0,5
-0.5,-0.94,0.1,-0.5,-0.297143504,0.1,-0.7,-1.35549,-0.46,0.2,0.9,8
-0.7,0.85,-1.4,-0.1,-0.021,0.1,-0.6,0.571908267,0.9,-0.77,-0.8,5
-0.7,0.79,-1.4,-0.1,-0.106,0.2,-0.6,0.492482558,0.84,-0.71,-0.9,5
-1.2,0.85,-1.34,0.9,0.31836804,1.6,0.2,-0.471216054,1.29,0,0.8,6
-0.6,1.156,-1.4,-0.2,-0.17,0.2,-0.6,0.4766,0.64,-0.4,-0.9,5
-1,1.826,-1.29,-0.1,-0.552,-0.1,-0.7,-0.254119114,1.49,-0.4,0.6,6
-0.8,0.18,-0.52,-0.6,-0.488,-0.1,-0.7,-0.852459461,0.84,0.12,0.14,7
-1,1.97,-1.19,-0.2,-0.467,-0.4,-0.8,-0.20646,1.42,-0.59,-0.5,5
-1,1.826,-1.29,-0.1,-0.552,-0.1,-0.7,-0.254119114,1.49,-0.4,0.6,6
-0.8,0.57,0.3,3,3.12,4.8,2.1,0.59309,-0.59,-0.59,-0.8,5
-0.3,0.4,-0.06,-0.4,-0.17,1.5,2.6,-0.280594351,-0.65,-0.83,-0.5,5
-0.3,0.4,-0.06,-0.4,-0.17,1.5,2.6,-0.280594351,-0.65,-0.83,-0.5,5
-0.3,0.4,-0.06,-0.4,-0.17,1.5,2.6,-0.280594351,-0.65,-0.83,-0.5,5
-0.6,0.933,-0.72,-0.4,-0.255,-0.4,-0.8,-0.68302,-0.13,-0.71,-0.3,5
-0.6,0.933,-0.72,-0.4,-0.255,-0.4,-0.8,-0.68302,-0.13,-0.71,-0.3,5
-0.6,0.933,-0.72,-0.4,-0.255,-0.4,-0.8,-0.68302,-0.13,-0.71,-0.3,5
-0.9,0.79,-1.29,-0.4,-0.573,1,-0.1,-0.984835644,0.51,0.94,0.5,6
-0.9,-2.05,1.89,-0.3,-0.615511545,0.8,0.2,-0.958360407,0.19,0.29,0.8,6
-0.6,0.933,-0.72,-0.4,-0.255,-0.4,-0.8,-0.68302,-0.13,-0.71,-0.3,5
-0.8,0.18,-0.72,-0.6,-0.233,0.9,-0.1,-0.24353,0.19,-0.41,-1.1,5
-1.2,-0.1,-0.67,-0.4,-0.679185153,-0.1,-0.4,-1.477275044,1.1,-0.53,1,6
-1.1,-0.94,1.33,-0.2,3.01,0.3,-0.3,-1.7738,0.38,1.59,1.9,6
-1.1,-0.83,-0.67,-0.2,-1.061,-0.1,-0.7,-0.852459461,0.84,-0.06,0.7,6
-0.6,0.9,0.25,-0.2,-0.403,1.8,1.7,-0.227643877,0.13,-0.88,-0.8,5
-1.4,0.29,-0.4,-0.1,-0.276,-0.1,0.1,-1.10133,1.75,0.06,2,6
-1.6,-1.22,2.61,8.1,-0.297143504,0.7,1.4,0.01063,0.51,-1.06,0.1,6
-0.5,-0.04,0.7,-0.2,-0.59,-0.4,-0.8,-1.06426,-0.33,-0.12,1.3,6
-0.2,-1.3,1.84,-0.6,-0.149,0,-0.5,-0.460625959,-0.1,0.71,0.4,6
-1.2,1,-0.62,1.8,-0.255,-0.3,-0.6,-0.280594351,1.49,-0.4,1.4,6
-0.9,0.79,-0.62,-0.5,0.636736081,-0.3,-0.8,-0.7148,0.71,0.06,0.8,6
-1.2,0.18,-0.93,-0.6,-0.743,0.8,-0.4,-1.44550476,1.49,-0.4,0.8,5
-0.5,-0.99,0.3,-0.1,-0.424,-0.7,-0.6,-1.0854,0.32,-0.4,1.4,6
-1.2,0.18,-0.93,-0.6,-0.743,0.8,-0.4,-1.44550476,1.49,-0.4,0.8,5
-1.3,1.044,-0.9,0.1,-0.743,-0.3,-0.6,-1.657306653,1.68,-0.9,1.4,5
-1.2,-0.38,0.1,-0.3,-0.297143504,1.6,1.6,-0.513576433,0.13,-0.24,-0.6,5
-0.9,-1.16,0.87,-0.1,-0.573,0.8,-0.4,-1.01131,-0.13,0.8,1.1,7
-0.6,-0.77,0.87,0.1,-0.467,0.6,0,-0.958360407,-0.1,1.06,1,6
-0.5,-1.22,0.71,-0.1,-0.488,1.7,0.4,-0.96895,0.19,1.12,0.9,6
-1.5,0.46,-0.83,-0.5,-0.467,0.2,-0.6,-1.016605928,1.55,0,0.5,6
-0.6,0.74,0.3,0,-0.424,1.7,1.7,-1.381964192,-0.26,0.71,2.3,6
-1,1.1,-0.4,3.8,-0.318,1.3,1,0.5031,-0.13,-0.71,-1.1,5
-1.2,0.12,-0.62,-0.5,-0.233,1,-0.3,-1.911468924,0.06,0.94,1.1,6
-1.7,1.18,-0.93,-0.6,0.021224536,0,-0.6,-1.44550476,2.33,-0.59,1.1,6
-1.2,-0.1,-0.72,-0.1,-0.255,1.3,-0.2,-0.53476,0.71,0.53,0.6,6
-0.9,0.51,-0.98,-0.4,-0.424,1.2,-0.3,-0.12704,0.71,0.94,-0.8,6
-1.2,0.4,-0.98,-0.4,0.04,1.6,-0.1,-0.9795,0.9,-0.47,0.1,5
